sentence,label,label_name,finbert_prediction,tfidf_prediction,rule_prediction,rule_correct,tfidf_correct,finbert_correct,negation,contrast,expectation,uncertainty,disagreement_category,rule_prediction_name,tfidf_prediction_name,finbert_prediction_name
"Incap Contract Manufacturing Services Pvt Ltd , a subsidiary of Incap Corporation of Finland , plans to double its revenues by 2007-2008 .",2,positive,2,1,1,False,False,True,False,False,False,False,finbert_only_correct,neutral,neutral,positive
"In July-September 2009 , Konecranes ' sales decreased to EUR 368.7 mn from EUR 520.4 mn in July-September 2008 .",0,negative,0,0,1,False,True,True,False,False,False,False,finbert_tfidf_correct,neutral,negative,negative
"` Our strategic cooperation with Rentakran brings us new customers and already-working relationships with the authorities of the new territories , ' said Jarmo Laasanen , a senior manager at Cramo .",2,positive,2,1,1,False,False,True,False,False,False,False,finbert_only_correct,neutral,neutral,positive
"`` Lining stone sales were also good in the early autumn , and order books are strong to the end of the year .",2,positive,2,1,2,True,False,True,False,False,False,False,finbert_rule_correct,positive,neutral,positive
"At 12.01 pm , the OMX Helsinki 25 was down 0.66 pct to 3,143.57 and the OMX Helsinki was 0.67 pct lower at 10,530.74 on 253 mln eur turnover .",0,negative,0,0,1,False,True,True,False,False,False,False,finbert_tfidf_correct,neutral,negative,negative
The company said that it has agreed to a EUR160m unsecured credit line from lenders .,1,neutral,1,2,1,True,False,True,False,False,False,False,finbert_rule_correct,neutral,positive,neutral
"In a note to clients published , the Dutch broker described the company 's third quarter results as ` soft ' , although it also noted that Elcoteq retained its guidance , dealers said .",1,neutral,0,1,1,True,True,False,False,True,True,False,tfidf_rule_correct,neutral,neutral,negative
"Satama 's net profit for the third quarter of 2007 rose to 275,000 euro ( $ 395,000 ) from 270,000 euro ( $ 388,000 ) for the same period of 2006 .",2,positive,2,2,1,False,True,True,False,False,False,False,finbert_tfidf_correct,neutral,positive,positive
Finnish Raute Precision has won large glass batch plant and mortar plant orders from Mexico and the US .,2,positive,2,2,1,False,True,True,False,False,False,False,finbert_tfidf_correct,neutral,positive,positive
"Revenue in July to September grew 14 percent to ( EURO ) 467 million from a year earlier , the company said Thursday .",2,positive,2,2,1,False,True,True,False,False,False,False,finbert_tfidf_correct,neutral,positive,positive
"Xerox and Stora Enso have teamed up to tailor the iGen3 to the short-run , on-demand packaging market .",2,positive,2,1,1,False,False,True,False,False,False,False,finbert_only_correct,neutral,neutral,positive
Earnings per share ( EPS ) in 2005 decreased to EUR1 .87 from EUR1 .89 in 2003 .,0,negative,0,0,1,False,True,True,False,False,False,False,finbert_tfidf_correct,neutral,negative,negative
"ADP News - Nov 13 , 2008 - Finnish printed circuit board PCB maker Aspocomp Group Oyj OMX : ACG1V said today that its net loss narrowed to EUR 2 million USD 2.5 m in the first nine months of 2008 from EUR 57",2,positive,2,2,0,False,True,True,False,False,False,False,finbert_tfidf_correct,negative,positive,positive
"In the second quarter of 2010 , the group 's pretax loss narrowed to EUR 400,000 from EUR 600,000 .",2,positive,2,2,0,False,True,True,False,False,False,False,finbert_tfidf_correct,negative,positive,positive
"As part of the transaction , M-real and Sappi have also signed a long-term agreement on the supply of pulp and BCTMP and other smaller services and supplies .",2,positive,2,1,1,False,False,True,False,False,False,False,finbert_only_correct,neutral,neutral,positive
The insurance division turned a EUR120m profit .,1,neutral,2,1,1,True,True,False,False,False,False,False,tfidf_rule_correct,neutral,neutral,positive
"Profit for the period was EUR 9.8 mn , up from EUR 6.0 mn in 2004 .",2,positive,2,2,1,False,True,True,False,False,False,False,finbert_tfidf_correct,neutral,positive,positive
"Both operating profit and net sales for the 12-month period increased , respectively from EUR20 .8 m and EUR177 .7 m , as compared to the financial year 2004 .",2,positive,2,2,1,False,True,True,False,False,False,False,finbert_tfidf_correct,neutral,positive,positive
"Among the Scandinavian companies present in St. Petersburg , is also named the Swedish concern NCC , which implements projects in the field of asphalt production , road and housing construction ( project Swedish Krona ) .",1,neutral,1,1,0,False,True,True,False,False,False,False,finbert_tfidf_correct,negative,neutral,neutral
"Creating interfaces that are more similar to interactions in the real world can enable experiences that are more natural and intuitive , in the same way that modern games and movies are more immersive through the use of realistic 3-D graphics .",1,neutral,1,1,2,False,True,True,False,False,False,False,finbert_tfidf_correct,positive,neutral,neutral
Net sales increased to EUR655m in April to June 2010 from EUR438m a year earlier .,2,positive,2,2,1,False,True,True,False,False,False,False,finbert_tfidf_correct,neutral,positive,positive
Sanoma Corporation wants a new and better frequency for the Helsinki metropolitan area .,1,neutral,2,1,2,False,True,False,False,False,False,False,tfidf_only_correct,positive,neutral,positive
The increase range will vary up to 10 % .,1,neutral,1,2,1,True,False,True,False,False,False,False,finbert_rule_correct,neutral,positive,neutral
"Sales in Latin America increased by 42 % to EUR 432mn , and a total of 8.7 mn mobile devices were sold in the area , representing an increase of 32 % from the corresponding period in 2009 .",2,positive,2,2,1,False,True,True,False,False,False,False,finbert_tfidf_correct,neutral,positive,positive
"India 's trade with Russia currently stands at four billion dollars , growing 9.6 per cent in fiscal 2007 .",2,positive,2,1,1,False,False,True,False,False,False,False,finbert_only_correct,neutral,neutral,positive
`` The announced investment of the carmaker Hyundai for example sounds optimistically for us as of course new cars mean new tires . '',2,positive,2,1,1,False,False,True,False,False,False,False,finbert_only_correct,neutral,neutral,positive
Operating profit fell to EUR 20.3 mn from EUR 74.2 mn in the second quarter of 2008 .,0,negative,0,0,1,False,True,True,False,False,False,False,finbert_tfidf_correct,neutral,negative,negative
LONDON MarketWatch -- Share prices ended lower in London Monday as a rebound in bank stocks failed to offset broader weakness for the FTSE 100 .,0,negative,0,1,0,True,False,True,False,False,False,False,finbert_rule_correct,negative,neutral,negative
"Both operating profit and net sales for the nine-month period increased , respectively by 26.6 % and 3.4 % , as compared to the corresponding period in 2006 .",2,positive,2,2,1,False,True,True,False,False,False,False,finbert_tfidf_correct,neutral,positive,positive
Finnish silicon wafers manufacturer Okmetic Oyj said it swung to a net profit of 4.9 mln euro $ 6.3 mln in the first nine months of 2006 from a net loss of 1.8 mln euro $ 2.3 mln a year earlier .,2,positive,2,2,0,False,True,True,False,False,False,False,finbert_tfidf_correct,negative,positive,positive
The company expects its net sales for the whole 2009 to remain below the 2008 level .,0,negative,0,1,1,False,False,True,False,False,True,False,finbert_only_correct,neutral,neutral,negative
Both the net sales and operating profit were record high in the company 's history .,2,positive,2,1,1,False,False,True,False,False,False,False,finbert_only_correct,neutral,neutral,positive
"( ADP News ) - Feb 12 , 2009 - Finnish construction company Lemminkainen Oyj ( HEL : LEM1S ) said today its net profit decreased to EUR 63.5 million ( USD 81.1 m ) for 2008 from EUR 80.6 million for 2007 .",0,negative,0,0,1,False,True,True,False,False,False,False,finbert_tfidf_correct,neutral,negative,negative
"VDW combined with LXE devices enhances productivity , enabling workers to use a single device to perform voice , scanning and keyboard functions .",2,positive,2,1,2,True,False,True,False,False,False,False,finbert_rule_correct,positive,neutral,positive
Cision says the sale will return its U.K. operation to profitability .,2,positive,2,1,2,True,False,True,False,False,False,False,finbert_rule_correct,positive,neutral,positive
"After the takeover , Cramo will become the second largest rental services provider in the Latvian market .",2,positive,2,1,1,False,False,True,False,False,False,False,finbert_only_correct,neutral,neutral,positive
Finnlines estimated in its annual general meeting that 2008 will be financially a tough year due to large investments .,0,negative,0,1,1,False,False,True,False,False,False,False,finbert_only_correct,neutral,neutral,negative
Finnish Bore that is owned by the Rettig family has grown recently through the acquisition of smaller shipping companies .,2,positive,2,1,1,False,False,True,False,False,False,False,finbert_only_correct,neutral,neutral,positive
"The share sale , to foreign and Finnish investors , is expected to raise some euro300 million ( US$ 380 million ) .",1,neutral,2,1,1,True,True,False,False,False,True,False,tfidf_rule_correct,neutral,neutral,positive
"Comparable operating profit totaled EUR 4.7 mn , down from EUR 5.1 mn in the corresponding period in 2005 , representing 7.4 % of net sales .",0,negative,0,0,1,False,True,True,False,False,False,False,finbert_tfidf_correct,neutral,negative,negative
Market share decreased on the route between Helsinki in Finland and Tallinn in Estonia by 0.1 percentage points to 24.8 % .,0,negative,0,1,1,False,False,True,False,False,False,False,finbert_only_correct,neutral,neutral,negative
"The fourth quarter saw Rapala swing back to a pretax profit of 1.5 mln eur from a year earlier loss of 1.2 mln on the back of a 30 pct uplift in sales to 44.8 mln eur , and a stronger performance in North America .",2,positive,2,2,1,False,True,True,False,False,False,False,finbert_tfidf_correct,neutral,positive,positive
The company expects its net sales in 2008 to increase 5-10 % from 2007 .,2,positive,2,2,1,False,True,True,False,False,True,False,finbert_tfidf_correct,neutral,positive,positive
"Svyturys-Utenos Alus , which is controlled by the Nordic group Baltic Beverages Holding ( BBH ) , posted a 6.1 percent growth in beer sales for January-September to 101.99 million liters .",2,positive,2,1,1,False,False,True,False,False,False,False,finbert_only_correct,neutral,neutral,positive
EUR 152.4 mn of this was net interest income .,1,neutral,1,2,1,True,False,True,False,False,False,False,finbert_rule_correct,neutral,positive,neutral
"The original name Componenta +àm+Ñl , as a subsidiary of the Finnish Componenta Group , has been changed to +àm+Ñl Components and the company has seen a 63 % growth in Q1 2010 , in comparison to Q1 2009 .",2,positive,2,1,1,False,False,True,False,False,False,False,finbert_only_correct,neutral,neutral,positive
"At some point in 2010 , all separate company names , such as Palmberg , Tekmanni , Lemcon , Forssan Betoni , Suonenjoen Betonituote , among others , will disappear .",1,neutral,1,1,0,False,True,True,False,False,False,False,finbert_tfidf_correct,negative,neutral,neutral
Le Lay succeeds Walter G++nter and will be based in Finland .,1,neutral,1,1,2,False,True,True,False,False,False,False,finbert_tfidf_correct,positive,neutral,neutral
"So far the company has awarded more than $ 350,000 worth of tools and materials .",1,neutral,2,1,1,True,True,False,False,False,False,False,tfidf_rule_correct,neutral,neutral,positive
"Net sales for the financial year 2006 are expected to amount to about EUR20m and the operating result EBIT is expected to be a loss , as announced before .",0,negative,0,1,0,True,False,True,False,False,True,False,finbert_rule_correct,negative,neutral,negative
"The stock price rose 70.0 ores or 0.9 % to close at SEK77 .65 , ending a two-day streak of losses .",2,positive,2,1,0,False,False,True,False,False,False,False,finbert_only_correct,negative,neutral,positive
"Fiskars , the World 's  1 Scissors Brand TM , recently won Learning -« Magazine 's 2011 Teachers ' Choice Award for the Classroom .",2,positive,2,1,1,False,False,True,False,False,False,False,finbert_only_correct,neutral,neutral,positive
"Citigroup , Inc ( NYSE : C ) has announced that its Global Transaction Services ( GTS ) business has been awarded a new mandate by Finland-based Pohjola Bank Group .",2,positive,2,2,1,False,True,True,False,False,False,False,finbert_tfidf_correct,neutral,positive,positive
"The combination of all services enabling us to offer a complex and strengthened service chain not only limited to the Baltic port connections but also for getting access to the world wide Grimaldi Network into the Mediterranean , Africa and North America `` says Uwe Bakosch .",2,positive,2,1,2,True,False,True,True,True,False,False,finbert_rule_correct,positive,neutral,positive
"Operating profit , excluding non-recurring items , totaled EUR 0.2 mn , down from EUR 0.8 mn in the corresponding period in 2006 .",0,negative,0,0,1,False,True,True,False,False,False,False,finbert_tfidf_correct,neutral,negative,negative
"( ADP News ) - Nov 28 , 2008 - Finnish power-supply solutions provider Efore Oyj ( OMX : EFO1V ) announced today the launch of OPUS DC , the latest power system in its OPUS product line .",2,positive,2,1,1,False,False,True,False,False,False,False,finbert_only_correct,neutral,neutral,positive
The sales price was not disclosed .,1,neutral,1,1,2,False,True,True,True,False,False,False,finbert_tfidf_correct,positive,neutral,neutral
The second-quarter net sales are expected to be on par with the first quarter of 2009 .,1,neutral,0,1,1,True,True,False,False,False,True,False,tfidf_rule_correct,neutral,neutral,negative
"We offer our clients integrated management consulting , total solutions for complex projects and efficient , best-in-class design and supervision .",1,neutral,1,1,2,False,True,True,False,False,False,False,finbert_tfidf_correct,positive,neutral,neutral
"Fiskars , a 360-year-old global business best known for its orange-handled scissors , expects to derive synergies of EUR5 million a year by consolidating certain parts of the housewares division where the two compete .",2,positive,2,1,2,True,False,True,False,False,True,False,finbert_rule_correct,positive,neutral,positive
"Fiskars Brands report net sales of EUR 145.8 mn , up from EUR 138.4 mn .",2,positive,2,2,1,False,True,True,False,False,False,False,finbert_tfidf_correct,neutral,positive,positive
"Because expenditures must be justified to pass budget approval hurdles , we believe our RoP model can help make it easier for IT and IT security practitioners to make the business case for acquiring enabling security technologies and related control activities .",1,neutral,2,1,2,False,True,False,False,False,False,False,tfidf_only_correct,positive,neutral,positive
Finnish KCI Konecranes has raised its net sales growth estimate for 2006 from over 25 % to over 35 % .,2,positive,2,2,1,False,True,True,False,False,False,False,finbert_tfidf_correct,neutral,positive,positive
HELSINKI AFX - KCI Konecranes said it has won an order for four hot metal ladle cranes from Indian steel producer Bhushan Steel and Strips Ltd. .,2,positive,2,2,1,False,True,True,False,False,False,False,finbert_tfidf_correct,neutral,positive,positive
"The opportunity will be available only for few employees , however .",1,neutral,1,1,2,False,True,True,False,True,False,False,finbert_tfidf_correct,positive,neutral,neutral
The value of the deal was not disclosed .,1,neutral,1,1,2,False,True,True,True,False,False,False,finbert_tfidf_correct,positive,neutral,neutral
"The company recorded revenues of E658 .1 million during the fiscal year ended December 2007 , an increase of 23 % over 2006 .",2,positive,2,2,1,False,True,True,False,False,False,False,finbert_tfidf_correct,neutral,positive,positive
Financial terms were n't disclosed .,1,neutral,1,1,0,False,True,True,True,False,False,False,finbert_tfidf_correct,negative,neutral,neutral
"Revenue for the quarter totaled 27.4 billion , down 2 percent from 28.1 billion in the fourth quarter in 2008 .",0,negative,0,0,1,False,True,True,False,False,False,False,finbert_tfidf_correct,neutral,negative,negative
"The prerequisite for inclusion in the program and for receipt of any gains is that key employees acquire Aspo shares to the amount determined by the Board in advance , in the maximum .",1,neutral,1,1,2,False,True,True,False,False,False,False,finbert_tfidf_correct,positive,neutral,neutral
Unit costs for flight operations fell by 6.4 percent .,2,positive,0,0,1,False,False,False,False,False,False,False,all_wrong,neutral,negative,negative
The company is well positioned in Brazil and Uruguay .,2,positive,2,1,1,False,False,True,False,False,False,False,finbert_only_correct,neutral,neutral,positive
Diluted earnings per share ( EPS ) rose to EUR 0.29 from EUR 0.05 .,2,positive,2,2,1,False,True,True,False,False,False,False,finbert_tfidf_correct,neutral,positive,positive
"Insurer Axa ( PAR : CS ) slid by 5.35 % to EUR 14.15 , after Citigroup and ING slashed their targets on the stock .",0,negative,0,2,1,False,False,True,False,False,True,False,finbert_only_correct,neutral,positive,negative
"Finnish GeoSentric 's net sales decreased to EUR 939,000 in January-March 2009 .",0,negative,0,0,1,False,True,True,False,False,False,False,finbert_tfidf_correct,neutral,negative,negative
Operating profit fell from EUR 7.9 mn in the second quarter of 2005 to EUR 5.1 mn in the second quarter of 2006 .,0,negative,0,0,1,False,True,True,False,False,False,False,finbert_tfidf_correct,neutral,negative,negative
The acquisition price was not disclosed .,1,neutral,1,1,2,False,True,True,True,False,False,False,finbert_tfidf_correct,positive,neutral,neutral
Nordea was the cheapest also for a couple in their 30s with debt .,1,neutral,2,1,1,True,True,False,False,False,False,False,tfidf_rule_correct,neutral,neutral,positive
"Tallink Silja attributes the significant drop to problems with the booking system that was taken into operation in October , the sale of trailer ferry ` Sky Wind ' and the route between Stockholm and Riga , which has won passengers from the Helsinki-Stockholm route .",0,negative,0,1,0,True,False,True,False,False,False,False,finbert_rule_correct,negative,neutral,negative
"Sales are expected to increase in the end of the year 2006 , however .",2,positive,2,2,1,False,True,True,False,True,True,False,finbert_tfidf_correct,neutral,positive,positive
Net sales surged by 30 % to EUR 36 million .,2,positive,2,2,1,False,True,True,False,False,False,False,finbert_tfidf_correct,neutral,positive,positive
"Profit for the period was EUR 5.9 mn , up from EUR 1.3 mn .",2,positive,2,2,1,False,True,True,False,False,False,False,finbert_tfidf_correct,neutral,positive,positive
"Svyturys-Utenos Alus , which is controlled by the Nordic group Baltic Beverages Holding ( BBH ) , posted a 4.7-per-cent growth in beer sales for January-May to 46.22 million litres .",2,positive,2,1,1,False,False,True,False,False,False,True,finbert_only_correct,neutral,neutral,positive
"However , net sales in 2010 are seen to have grown to EUR598 .3 m from EUR582 .3 m in 2009 .",2,positive,2,2,1,False,True,True,False,True,False,False,finbert_tfidf_correct,neutral,positive,positive
"Luxembourg-registered investment fund Amber Trust II has won the final approval of Lithuania 's Competition Council to acquire 29.6 percent of Sanitas , the country 's largest pharmaceutical producer .",2,positive,2,1,1,False,False,True,False,False,False,False,finbert_only_correct,neutral,neutral,positive
"Finnish high technology provider Vaahto Group reports net sales of EUR 41.8 mn in the accounting period September 2007 - February 2008 , an increase of 11.2 % from a year earlier .",2,positive,2,2,1,False,True,True,False,False,False,False,finbert_tfidf_correct,neutral,positive,positive
"Repair and maintenance business accounted for net sales of EUR 645.3 mn , up from EUR 563.6 mn .",2,positive,2,2,1,False,True,True,False,False,False,False,finbert_tfidf_correct,neutral,positive,positive
Net sales increased to EUR193 .3 m from EUR179 .9 m and pretax profit rose by 34.2 % to EUR43 .1 m. ( EUR1 = USD1 .4 ),2,positive,2,2,1,False,True,True,False,False,False,False,finbert_tfidf_correct,neutral,positive,positive
Passenger volumes rose by 8.4 % in the accounting period .,2,positive,2,2,1,False,True,True,False,False,False,False,finbert_tfidf_correct,neutral,positive,positive
"`` Method and System for Controlling a Hard Disk Drive Using a Multimediacard Physical Interface '' was invented by Marko Ahvenainen Ruutana , Finland .",1,neutral,1,1,2,False,True,True,False,False,False,False,finbert_tfidf_correct,positive,neutral,neutral
"Basware Corporation stock exchange release August 31 , 2010 at 16:25 Basware signed a large deal with an international industrial group Basware will deliver Invoice Automation solution and Connectivity Services to an international industrial group .",2,positive,2,1,1,False,False,True,False,False,False,False,finbert_only_correct,neutral,neutral,positive
"However , sales returned to growth in April-June 2010 , CEO Pekka Eloholma said .",2,positive,2,2,1,False,True,True,False,True,False,False,finbert_tfidf_correct,neutral,positive,positive
"Excluding non-recurring items , pre-tax profit surged 45 % to EUR80m .",2,positive,2,1,1,False,False,True,False,False,False,False,finbert_only_correct,neutral,neutral,positive
fi is developing cooperation in keyword advertising with Microsoft .,2,positive,2,1,1,False,False,True,False,False,False,False,finbert_only_correct,neutral,neutral,positive
"Operating result , excluding one-off items , totaled EUR 9.1 mn compared to EUR 10.6 mn in continuing operations , excluding one-off items in 2004 .",0,negative,0,2,1,False,False,True,False,False,False,False,finbert_only_correct,neutral,positive,negative
Lean System supports change management and component purchasing extremely well .,2,positive,2,1,1,False,False,True,False,False,False,False,finbert_only_correct,neutral,neutral,positive
"Changes in the market situation and tougher price competition have substantially reduced demand for bread packaging manufactured at the Kauhava plant , according to the company .",0,negative,0,1,1,False,False,True,False,False,False,False,finbert_only_correct,neutral,neutral,negative
Altogether Finnair has canceled over 500 flights because of the strike .,0,negative,0,1,0,True,False,True,False,False,False,False,finbert_rule_correct,negative,neutral,negative
"At the same time profit of the company increased by 10 % in H1 and reached Ls 79,000 .",2,positive,2,1,1,False,False,True,False,False,False,False,finbert_only_correct,neutral,neutral,positive
"This truly takes efficiency to new heights , '' Mr. Metso adds .",2,positive,2,1,2,True,False,True,False,False,False,False,finbert_rule_correct,positive,neutral,positive
Net sales in 2007 are expected to be 10 % up on 2006 .,2,positive,2,1,1,False,False,True,False,False,True,False,finbert_only_correct,neutral,neutral,positive
BioTie North-American licensing partner Somaxon Pharmaceuticals started a phase II-III clinical study in patients suffering from pathological gambling and a pilot phase II study in nicotine addiction smoking cessation .,1,neutral,1,1,0,False,True,True,False,False,False,False,finbert_tfidf_correct,negative,neutral,neutral
"The businesses to be divested offer dairy , edible fats , ready-meal and ice-cream packaging to multinational and local customers .",1,neutral,1,1,0,False,True,True,False,False,False,False,finbert_tfidf_correct,negative,neutral,neutral
"Finnish pharmaceuticals company Orion reports profit before taxes of EUR 70.0 mn in the third quarter of 2010 , up from EUR 54.9 mn in the corresponding period in 2009 .",2,positive,2,2,1,False,True,True,False,False,False,False,finbert_tfidf_correct,neutral,positive,positive
Diluted loss per share stood at EUR 0.15 versus EUR 0.26 .,2,positive,0,2,0,False,True,False,False,False,False,False,tfidf_only_correct,negative,positive,negative
Acquisitions have been made and businesses have been well integrated .,2,positive,2,1,1,False,False,True,False,False,False,False,finbert_only_correct,neutral,neutral,positive
The company reports a loss for the period of EUR 0.4 mn compared to a loss of EUR 1.9 mn in the corresponding period in 2005 .,2,positive,0,2,0,False,True,False,False,False,False,False,tfidf_only_correct,negative,positive,negative
"Combined with the Basware Enterprise Purchase to Pay portfolio , it provides a high level of automation for procurement and invoice workflows .",1,neutral,2,1,1,True,True,False,False,False,False,False,tfidf_rule_correct,neutral,neutral,positive
"`` The change will optimize the operational efficiencies of our growing business , '' said Julia Prohaska , director of marketing communications for Fiskars .",2,positive,2,1,2,True,False,True,False,False,False,False,finbert_rule_correct,positive,neutral,positive
"A total of 16.5 mn passenger ship journeys took place in the northern Baltic Sea in 2007 , slightly down from 16.5 mn in 2006 .",0,negative,0,1,1,False,False,True,False,False,False,False,finbert_only_correct,neutral,neutral,negative
"Finnish textiles and clothing group Marimekko Oyj posted a net profit of 7.99 mln euro $ 10.4 mln for 2006 , compared to 8.4 mln euro $ 10.9 mln for 2005 .",0,negative,2,2,1,False,False,False,False,False,False,False,all_wrong,neutral,positive,positive
The policy was also aimed at making the companies more profitable and competitive .,2,positive,2,1,2,True,False,True,False,False,False,False,finbert_rule_correct,positive,neutral,positive
South African Sappi will become the largest foreign forest industry company operating in Finland as a result of the acquisition Finnish M-real Corporation 's Graphic Papers Business unit .,2,positive,2,1,1,False,False,True,False,False,False,False,finbert_only_correct,neutral,neutral,positive
Neste Shipping is the most likely to remain Finnish as the oil sector and its transports are significant for emergency supply .,1,neutral,0,1,1,True,True,False,False,False,False,True,tfidf_rule_correct,neutral,neutral,negative
"Both operating profit and sales for the three-month period increased , respectively from EUR0 .3 m and EUR13 .1 m , as compared to the corresponding period in 2005 .",2,positive,2,2,1,False,True,True,False,False,False,False,finbert_tfidf_correct,neutral,positive,positive
Operating profit for 2009 lower than outlook published earlier .,0,negative,0,0,1,False,True,True,False,False,True,False,finbert_tfidf_correct,neutral,negative,negative
"HELSINKI (Thomson Financial)- Kemira GrowHow swung into profit in its first quarter earnings on improved sales , especially in its fertilizer business in Europe , which is normally stronger during the first quarter .",2,positive,2,1,2,True,False,True,False,False,False,False,finbert_rule_correct,positive,neutral,positive
"Food sales totalled EUR 323.5 mn in October 2009 , representing a decrease of 5.5 % from October 2008 .",0,negative,0,1,1,False,False,True,False,False,False,False,finbert_only_correct,neutral,neutral,negative
"The 50-50 joint venture , to be called Nokia Siemens Networks , will be comprised of Nokia 's network business group and Siemens ' carrier-related operations , creating estimated synergies of 1.5 billion euros ( $ 1.9 billion ) by 2010 , Nokia said .",2,positive,2,1,1,False,False,True,False,False,False,False,finbert_only_correct,neutral,neutral,positive
Return on investment ROI was 4.1 % compared to 43.8 % in the first half of 2008 .,0,negative,2,0,1,False,True,False,False,False,False,False,tfidf_only_correct,neutral,negative,positive
Operating profit rose to EUR 4.7 mn from EUR 4.6 mn .,2,positive,2,2,1,False,True,True,False,False,False,False,finbert_tfidf_correct,neutral,positive,positive
"At the same time , the market for automated liquid handling devices is already larger than that for pipettes , according to Biohit .",1,neutral,2,1,1,True,True,False,False,False,False,False,tfidf_rule_correct,neutral,neutral,positive
Finnish handling systems company Cargotec Oyj ( HEL : CGCBV ) said today that it won a EUR 13 million ( USD 16.6 m ) contract to deliver MacGregor hatch covers for ships ordered by Norwegian shipowner Grieg Shipping .,2,positive,2,2,1,False,True,True,False,False,False,False,finbert_tfidf_correct,neutral,positive,positive
"According shipping company Viking Line , the EU decision will have a significant financial impact .",1,neutral,0,1,1,True,True,False,False,False,False,False,tfidf_rule_correct,neutral,neutral,negative
"The sale will result in a capital loss of EUR5m for Solidium , which obtained Tikkurila shares in March 2010 .",0,negative,0,1,0,True,False,True,False,False,False,False,finbert_rule_correct,negative,neutral,negative
"Operating profit was EUR 139.7 mn , up 23 % from EUR 113.8 mn .",2,positive,2,2,1,False,True,True,False,False,False,False,finbert_tfidf_correct,neutral,positive,positive
"With the U.S. Federal Government putting a stake in the ground , vendors - and their customers - are focused on meeting the deadline .",1,neutral,2,1,1,True,True,False,False,False,False,False,tfidf_rule_correct,neutral,neutral,positive
"However , the net sales declined to EUR 803.6 million from EUR 1.2 billion .",0,negative,0,2,0,True,False,True,False,True,False,False,finbert_rule_correct,negative,positive,negative
M-real 's sales are expected to have increased by 4 % year-on-year to EUR609m in the second quarter of 2010 .,2,positive,2,2,1,False,True,True,False,False,True,False,finbert_tfidf_correct,neutral,positive,positive
"Profit for the period totaled EUR 39.4 mn , up from EUR 33.9 mn in the corresponding period in 2006 .",2,positive,2,2,1,False,True,True,False,False,False,False,finbert_tfidf_correct,neutral,positive,positive
"The prosecutor is also demanding Outokumpu pay a fine of EUR 800,000 at most .",0,negative,0,1,1,False,False,True,False,False,False,False,finbert_only_correct,neutral,neutral,negative
Loss after taxes amounted to EUR 1.2 mn compared to a loss of 2.6 mn .,2,positive,0,2,0,False,True,False,False,False,False,False,tfidf_only_correct,negative,positive,negative
Terms of the acquisition were not disclosed .,1,neutral,1,1,2,False,True,True,True,False,False,False,finbert_tfidf_correct,positive,neutral,neutral
"4 February 2011 - Finnish broadband data communication systems provider Teleste Oyj HEL : TLT1V said Wednesday its net profit rocketed to EUR4 .8 m in 2010 from EUR416 ,000 in 2009 and it lifted its dividend proposal .",2,positive,2,2,1,False,True,True,False,False,False,False,finbert_tfidf_correct,neutral,positive,positive
"Clothing retail chain Sepp+ñl+ñ 's sales increased by 8 % to EUR 155.2 mn , and operating profit rose to EUR 31.1 mn from EUR 17.1 mn in 2004 .",2,positive,2,2,1,False,True,True,False,False,False,False,finbert_tfidf_correct,neutral,positive,positive
Sales of mid-strength beer decreased by 40 % .,0,negative,0,1,2,False,False,True,False,False,False,False,finbert_only_correct,positive,neutral,negative
"The fair value of the investment properties totaled EUR 2,534.9 mn , up from EUR 2,455.1 mn in 2006 .",2,positive,2,2,1,False,True,True,False,False,False,False,finbert_tfidf_correct,neutral,positive,positive
"Seven-month sales of Ragutis , which is controlled by the Finnish brewery Olvi , declined by 11.2 percent , to 15.41 million liters , and the company held 9.89 percent of the market .",0,negative,0,1,0,True,False,True,False,False,False,False,finbert_rule_correct,negative,neutral,negative
"In the fourth quarter of 2008 , net sales decreased to EUR 121.4 mn from EUR 165.5 mn in the fourth quarter of 2007 .",0,negative,0,0,1,False,True,True,False,False,False,False,finbert_tfidf_correct,neutral,negative,negative
Net sales fell by 5 % from the previous accounting period .,0,negative,0,0,1,False,True,True,False,False,False,False,finbert_tfidf_correct,neutral,negative,negative
Finnish department store chain Stockmann Oyj Abp net profit rose to 39.8 mln euro ( $ 56.8 mln ) for the first nine months of 2007 from 37.4 mln euro ( $ 53.4 mln ) for the same period of 2006 .,2,positive,2,2,1,False,True,True,False,False,False,False,finbert_tfidf_correct,neutral,positive,positive
"Operating profit was EUR 24.5 mn , up from EUR 23.0 mn .",2,positive,2,2,1,False,True,True,False,False,False,False,finbert_tfidf_correct,neutral,positive,positive
Finnish elevators and escalators maker KONE Corporation said on Tuesday ( 18 March ) that it has received a major order from Sir Robert McAlpine to supply all elevators and escalators for the Watermark Place project in the City of London .,2,positive,2,2,1,False,True,True,False,False,False,False,finbert_tfidf_correct,neutral,positive,positive
Elektrobit ( EB ) has renewed its IT infrastructure contract with ICT services provider Fujitsu Services for EB 's Patja service .,2,positive,2,2,1,False,True,True,False,False,False,False,finbert_tfidf_correct,neutral,positive,positive
"In the financial statement for the first quarter of 2010 , Tikkurila is reported under discontinued operations .",1,neutral,1,1,0,False,True,True,False,False,False,False,finbert_tfidf_correct,negative,neutral,neutral
"Mika Stahlberg , VP F-Secure Labs , said , `` We are excited and proud that F-Secure has been recognized by AV-Comparatives as the Product of the Year .",2,positive,2,1,2,True,False,True,False,False,False,False,finbert_rule_correct,positive,neutral,positive
Pretax profit decreased by 37 % to EUR 193.1 mn from EUR 305.6 mn .,0,negative,0,0,1,False,True,True,False,False,False,False,finbert_tfidf_correct,neutral,negative,negative
"At the end of the review period , Nordic Aluminium 's order book stood at EUR 8.77 mn compared to EUR 7.04 in 2005 .",2,positive,2,2,1,False,True,True,False,False,False,False,finbert_tfidf_correct,neutral,positive,positive
"Investors will continue being interested in the company 's share although it is not quite cheap , Affarsvarlden said .",2,positive,2,1,1,False,False,True,True,True,False,False,finbert_only_correct,neutral,neutral,positive
"Metsa-Botnia will finance the payment of dividends , the repayment of capital and the repurchase of its own shares with the funds deriving from its divestment of the Uruguay operations , and shares in Pohjolan Voima , and by utilising its existing financing facilities .",1,neutral,1,1,0,False,True,True,False,False,False,False,finbert_tfidf_correct,negative,neutral,neutral
"Investments span across various product and investment types , including retail , hospitality , office , and residential , with interests in real-estate portfolios , non-performing loans and corporate restructurings .",1,neutral,1,1,0,False,True,True,False,False,False,False,finbert_tfidf_correct,negative,neutral,neutral
20 October 2010 - Finnish metal products company Componenta Oyj HEL : CTH1V said yesterday that its net loss narrowed to EUR7m for the first nine months of 2010 from EUR23 .3 m for the same period of 2009 .,2,positive,2,2,0,False,True,True,False,False,False,False,finbert_tfidf_correct,negative,positive,positive
"Finnish shipping company Finnlines , of the Grimaldi Group , reports its net sales decreased to EUR 241.8 mn in January-June 2009 from EUR 384.0 mn in the corresponding period in 2008 .",0,negative,0,0,1,False,True,True,False,False,False,False,finbert_tfidf_correct,neutral,negative,negative
Sales rose to 300.9 mln eur compared with last year 's 276.1 mln eur and in line with 299 mln eur consensus figure .,2,positive,2,2,1,False,True,True,False,False,False,False,finbert_tfidf_correct,neutral,positive,positive
EBIT margin was up from 1.4 % to 5.1 % .,2,positive,2,2,1,False,True,True,False,False,False,False,finbert_tfidf_correct,neutral,positive,positive
Operating profit rose to EUR 27.8 mn from EUR 17.5 mn in 2008 .,2,positive,2,2,1,False,True,True,False,False,False,False,finbert_tfidf_correct,neutral,positive,positive
"When this investment is in place , Atria plans to expand into the Moscow market .",1,neutral,2,1,1,True,True,False,False,False,False,False,tfidf_rule_correct,neutral,neutral,positive
The company said that sales in the three months to the end of March slid to EUR86 .4 m US$ 113.4 m from EUR91 .2 m last year .,0,negative,0,2,1,False,False,True,False,False,False,False,finbert_only_correct,neutral,positive,negative
Juha-Pekka Weckstr+Âm has been appointed President of telecom group TeliaSonera Finland to succeed Esa Rautalinko .,1,neutral,1,1,2,False,True,True,False,False,False,False,finbert_tfidf_correct,positive,neutral,neutral
The robust growth was the result of the inclusion of clothing chain Lindex in the Group in December 2007 .,2,positive,2,1,1,False,False,True,False,False,False,False,finbert_only_correct,neutral,neutral,positive
Sanoma News ' advertising sales decreased by 22 % during the year .,0,negative,0,0,1,False,True,True,False,False,False,False,finbert_tfidf_correct,neutral,negative,negative
The company reported today an operating loss of EUR0 .1 m on net sales of EUR4 .5 m for the first quarter 2008 .,0,negative,0,1,0,True,False,True,False,False,False,False,finbert_rule_correct,negative,neutral,negative
"Foundries division reports its sales increased by 9.7 % to EUR 63.1 mn from EUR 57.5 mn in the corresponding period in 2006 , and sales of the Machine Shop division increased by 16.4 % to EUR 41.2 mn from EUR 35.4 mn in the corresponding period in 2006 .",2,positive,2,2,1,False,True,True,False,False,False,False,finbert_tfidf_correct,neutral,positive,positive
Relations with the City have been further damaged by comments from Mr Ashley criticising City investors and analysts as `` cry babies '' .,0,negative,0,1,0,True,False,True,False,False,False,False,finbert_rule_correct,negative,neutral,negative
Net sales grew in the period to  x20ac 402 million $ 585US million from  x20ac 401 million in 2006 .,2,positive,2,2,1,False,True,True,False,False,False,False,finbert_tfidf_correct,neutral,positive,positive
To be number one means creating added value for stakeholders in everything we do .,1,neutral,2,1,1,True,True,False,False,False,False,False,tfidf_rule_correct,neutral,neutral,positive
"Dealers said the share was largely hit by investor disappointment about a refining margin of just 9.48 usd per barrel for the quarter and the performance of its shipping unit , which saw EBIT drop to 5 mln eur from 20 mln eur a year amid a fall in volumes and tanker rates .",0,negative,0,2,0,True,False,True,False,False,False,False,finbert_rule_correct,negative,positive,negative
"Full-year net sales are expected to increase by approximately 10 % , the company said .",2,positive,2,2,1,False,True,True,False,False,True,False,finbert_tfidf_correct,neutral,positive,positive
"Net interest income was EUR 39.3 mn , up from EUR 32.7 mn .",2,positive,2,2,1,False,True,True,False,False,False,False,finbert_tfidf_correct,neutral,positive,positive
"Finnish electronics contract manufacturer Scanfil reports net sales of EUR 241.2 mn in 2006 , down from EUR 321.6 mn in 2005 .",0,negative,0,0,1,False,True,True,False,False,False,False,finbert_tfidf_correct,neutral,negative,negative
"Lassila & Tikanoja 's operating profit excluding non-recurring and imputed items for the second quarter was EUR11 .3 m , down from EUR13 .8 m a year ago .",0,negative,0,0,1,False,True,True,False,False,False,False,finbert_tfidf_correct,neutral,negative,negative
"Operating profit totalled EUR 5.8 mn , up from a loss of EUR 1.7 mn in the fourth quarter of 2009 .",2,positive,2,2,0,False,True,True,False,False,False,False,finbert_tfidf_correct,negative,positive,positive
"Finnish Kemira 's net sales EUR decreased to EUR 1,259.6 mn in January-June 2009 from EUR 1,425.1 mn in January-June 2008 .",0,negative,0,0,1,False,True,True,False,False,False,False,finbert_tfidf_correct,neutral,negative,negative
"Finnish power supply solutions and systems provider Efore Oyj said its net loss widened to 3.2 mln euro $ 4.2 mln for the first quarter of fiscal 2006-2007 ending October 31 , 2007 from 900,000 euro $ 1.2 mln for the same period of fiscal 2005-06 .",0,negative,0,2,0,True,False,True,False,False,False,False,finbert_rule_correct,negative,positive,negative
"`` Overall , we 're pleased with the startup curve ... and we 're pleased with the quality of the paper , '' Stora spokeswoman Patricia Dietz said Tuesday .",2,positive,2,1,2,True,False,True,False,False,False,False,finbert_rule_correct,positive,neutral,positive
According to an  posted by the World Intellectual Property Organization : `` The present invention relates to hydrocarbons and particularly to the manufacture of hydrocarbon components suitable as aviation fuels or jet fuels and as blending stocks for aviation fuels .,1,neutral,1,1,2,False,True,True,False,False,False,False,finbert_tfidf_correct,positive,neutral,neutral
"Agricultural newspaper Maaseudun Tulevaisuus had 318,000 readers , representing a decrease of 6 % .",0,negative,0,1,1,False,False,True,False,False,False,False,finbert_only_correct,neutral,neutral,negative
Why put up costly cell phone towers in thinly populated areas when a few balloons would do ?,1,neutral,1,1,0,False,True,True,False,False,False,False,finbert_tfidf_correct,negative,neutral,neutral
"When completed , the 120-meter Watchtower will be the highest building in Ireland .",1,neutral,1,1,2,False,True,True,False,False,False,False,finbert_tfidf_correct,positive,neutral,neutral
"The negotiations concern personnel of Cencorp Corporation and Singulase Oy as whole in Finland and in Sweden , the company said .",1,neutral,1,1,0,False,True,True,False,False,False,False,finbert_tfidf_correct,negative,neutral,neutral
Officials did not disclose the contract value .,1,neutral,1,1,2,False,True,True,True,False,False,False,finbert_tfidf_correct,positive,neutral,neutral
Operating profit increased by 145.1 % to EUR 8.3 mn from EUR 3.4 mn .,2,positive,2,2,1,False,True,True,False,False,False,False,finbert_tfidf_correct,neutral,positive,positive
"After non-recurring items of EUR 177mn , profit amounted to EUR 20mn .",1,neutral,1,0,1,True,False,True,False,False,False,False,finbert_rule_correct,neutral,negative,neutral
The group reiterated its forecast that handset manufacturers will sell around 915 mln units this year globally .,1,neutral,2,1,1,True,True,False,False,False,True,False,tfidf_rule_correct,neutral,neutral,positive
Finnish Aktia Group 's operating profit rose to EUR 17.5 mn in the first quarter of 2010 from EUR 8.2 mn in the first quarter of 2009 .,2,positive,2,2,1,False,True,True,False,False,False,False,finbert_tfidf_correct,neutral,positive,positive
`` Stonesoft sees great promise in the future of IPv6 .,2,positive,2,1,1,False,False,True,False,False,False,False,finbert_only_correct,neutral,neutral,positive
"At 1411 CET , ArcelorMittal had lost 7.26 % to EUR 17.38 on Euronext Paris , coming at the lead of the blue-chip fallers .",0,negative,0,1,0,True,False,True,False,False,False,False,finbert_rule_correct,negative,neutral,negative
"The Dutch broker noted that Nokian Tyres reported a good first quarter in 2006 , above or in line with consensus .",2,positive,2,1,2,True,False,True,False,False,False,False,finbert_rule_correct,positive,neutral,positive
The negotiations concern 246 salaried and senior salaried employees and are scheduled to be completed in six weeks .,1,neutral,1,1,0,False,True,True,False,False,False,False,finbert_tfidf_correct,negative,neutral,neutral
The acquisition will have an immediate positive impact on Aspocomp 's financial result .,2,positive,2,1,2,True,False,True,False,False,False,False,finbert_rule_correct,positive,neutral,positive
"The company 's scheduled traffic , measured in revenue passenger kilometres RPK , grew by just over 2 % and nearly 3 % more passengers were carried on scheduled flights than in February 2009 .",2,positive,2,1,1,False,False,True,False,False,False,False,finbert_only_correct,neutral,neutral,positive
"According to the company , in addition to normal seasonal fluctuation the market situation has weakened during autumn 2008 .",0,negative,0,1,0,True,False,True,False,False,False,False,finbert_rule_correct,negative,neutral,negative
"In Middle East & North Africa , Tecnotree has grown considerably in the recent years .",2,positive,2,1,1,False,False,True,False,False,False,False,finbert_only_correct,neutral,neutral,positive
"The financial impact is estimated to be some 1.5 MEUR annual improvement in the division 's result , starting from fiscal year 2007 .",2,positive,2,1,2,True,False,True,False,False,False,False,finbert_rule_correct,positive,neutral,positive
`` We are pleased with the efforts of both negotiating teams and look forward to a productive four years ahead . '',2,positive,2,1,2,True,False,True,False,False,False,False,finbert_rule_correct,positive,neutral,positive
"Following the divestment , Fiskars 's Outdoor unit will comprise the brands Gerber , Silva and Buster , and will focus on multi-tools , knives , compasses , mobile lighting , pedometers , and aluminium boats .",1,neutral,1,1,0,False,True,True,False,False,False,False,finbert_tfidf_correct,negative,neutral,neutral
"In sales volume , Coca-Cola 's market share has decreased by 2.2 % to 24.2 % .",0,negative,0,0,1,False,True,True,False,False,False,False,finbert_tfidf_correct,neutral,negative,negative
"Finnish IT solutions provider Affecto Oyj said today that it has won a frame contract , valued at some EUR2m , to implement the next phase of its insurance application for South African Mutual & Federal Insurance Company Limited M&F .",2,positive,2,2,1,False,True,True,False,False,False,False,finbert_tfidf_correct,neutral,positive,positive
"Outotec said it won new orders worth 492.9 mln eur during the quarter , compared with 240.4 mln eur a year earlier .",2,positive,2,2,1,False,True,True,False,False,False,False,finbert_tfidf_correct,neutral,positive,positive
Net interest income increased by 4.5 % to EUR 31.4 mn from EUR 30.0 mn in 2004 .,2,positive,2,2,1,False,True,True,False,False,False,False,finbert_tfidf_correct,neutral,positive,positive
The rationalization of the operations seeks to achieve over EUR 1 million in yearly savings as from the second quarter of the current financial year .,2,positive,2,2,1,False,True,True,False,False,False,False,finbert_tfidf_correct,neutral,positive,positive
21 December 2010 - Finnish industrial machinery company Wartsila Oyj Abp HEL : WRT1V said yesterday it had won an order to design a liquefied natural gas LNG powered platform supply vessel PSV for Norwegian oil service provider Eidesvik Offshore ASA OSL : EIOF .,2,positive,2,2,1,False,True,True,False,False,False,False,finbert_tfidf_correct,neutral,positive,positive
"Vanhanen said the strike would be `` extremely damaging '' as some 1,300 participants and reporters begin to arrive in Finland for the one-day EU summit with Russian President Vladimir Putin in Lahti , about 100 kilometers ( 60 miles ) north of Helsinki .",0,negative,0,1,0,True,False,True,False,False,False,False,finbert_rule_correct,negative,neutral,negative
"Operating profit surged to EUR21m from EUR106 ,000 .",2,positive,2,2,1,False,True,True,False,False,False,False,finbert_tfidf_correct,neutral,positive,positive
"Operating profit , excluding non-recurring items , totalled EUR 2.2 mn , down from EUR 2.7 mn in the corresponding period in 2008 .",0,negative,0,0,1,False,True,True,False,False,False,False,finbert_tfidf_correct,neutral,negative,negative
The server is responsible for managing devices and user accounts and a desktop client application enables remote access to the mobile phones .,1,neutral,1,1,2,False,True,True,False,False,False,False,finbert_tfidf_correct,positive,neutral,neutral
"`` We continued actively to focus R&D and to position our offering away from point solutions towards dynamic end-to-end solutions , '' Ervio stated .",2,positive,2,2,1,False,True,True,False,False,False,False,finbert_tfidf_correct,neutral,positive,positive
"Following the issue , the number of shares in the Swedish company will grow by 9 % .",1,neutral,2,1,1,True,True,False,False,False,False,False,tfidf_rule_correct,neutral,neutral,positive
Cash flow from operations in January-December 2008 was a negative EUR 18.1 mn compared to EUR 39.0 mn in the corresponding period in 2007 .,0,negative,0,2,0,True,False,True,False,False,False,False,finbert_rule_correct,negative,positive,negative
Honkarakenne Oyj - a world-leading manufacturer of genuine wooden homes - will be sponsoring Finnish crosscountry skier Virpi Kuitunen for the next three years .,1,neutral,1,1,2,False,True,True,False,False,False,False,finbert_tfidf_correct,positive,neutral,neutral
Incap Contract Manufacturing Services Private Limited has inked agreements with six new customers in India .,2,positive,2,1,1,False,False,True,False,False,False,False,finbert_only_correct,neutral,neutral,positive
"The company is in the process of building a new fleet and has placed orders for 10 P-Max tankers of 65,200 dwt .",2,positive,2,1,1,False,False,True,False,False,False,False,finbert_only_correct,neutral,neutral,positive
"An  of the invention , released by the Patent Office , said : `` The chambers are pressurized .",1,neutral,1,1,2,False,True,True,False,False,False,False,finbert_tfidf_correct,positive,neutral,neutral
"Key shareholders of Finnish IT services provider TietoEnator Oyj on Friday rejected a hostile EUR1 .08 billion $ 1.67 billion offer from buyout shop Nordic Capital , giving new life to a possible counter offer from Blackstone Group LP and Norwegian telecom Telenor ASA .",2,positive,0,1,0,False,False,False,False,False,False,True,all_wrong,negative,neutral,negative
The business to be divested generates consolidated net sales of EUR 60 million annually and currently has some 640 employees .,1,neutral,1,1,0,False,True,True,False,False,False,False,finbert_tfidf_correct,negative,neutral,neutral
"Seppala 's revenue increased by 0.2 % to EUR10 .1 m. In Finland , revenue went down by 2.4 % to EUR6 .8 m , while sales abroad rose by 6.2 % to EUR3 .3 m. Sales increased in all the Baltic countries as well as in Russia and Ukraine .",2,positive,2,2,1,False,True,True,False,True,False,False,finbert_tfidf_correct,neutral,positive,positive
"However , the company saw its net profit for the third quarter down to EUR 1.4 million from EUR 1.5 million for the corresponding period of 2009 .",0,negative,0,0,1,False,True,True,False,True,False,False,finbert_tfidf_correct,neutral,negative,negative
Operating profit fell to EUR 6.2 mn from EUR 8.5 mn in the third quarter of 2007 .,0,negative,0,0,1,False,True,True,False,False,False,False,finbert_tfidf_correct,neutral,negative,negative
"SCOPI Chief Business Excellence Officer , Eng .",1,neutral,1,1,2,False,True,True,False,False,False,False,finbert_tfidf_correct,positive,neutral,neutral
The ISO certification demonstrates that we are moving forward in our quality commitments to our customers . ',2,positive,2,2,1,False,True,True,False,False,False,False,finbert_tfidf_correct,neutral,positive,positive
"Currently , the company foresees its pre-tax profit to remain below the 2009 level when it reached EUR 700,000 USD 934,000 , compared with previous projections of a slightly better pre-tax profit .",0,negative,0,2,2,False,False,True,False,False,False,False,finbert_only_correct,positive,positive,negative
Karppinen expects the consolidation trend to continue in the Finnish market .,1,neutral,2,2,1,True,False,False,False,False,True,False,rule_only_correct,neutral,positive,positive
Net sales decreased to EUR 220.5 mn from EUR 470.0 mn in the corresponding period in 2009 .,0,negative,0,0,1,False,True,True,False,False,False,False,finbert_tfidf_correct,neutral,negative,negative
Operating loss increased to EUR 17mn from a loss of EUR 10.8 mn in 2005 .,0,negative,2,2,0,True,False,False,False,False,False,False,rule_only_correct,negative,positive,positive
