sentence,label_name,rule_prediction_name,tfidf_prediction_name,finbert_prediction_name,disagreement_category,negation,contrast,expectation,uncertainty,primary_phenomenon,failure_explanation,interpretation_confidence
"Agricultural newspaper Maaseudun Tulevaisuus had 318,000 readers , representing a decrease of 6 % .",negative,neutral,neutral,negative,finbert_only_correct,False,False,False,False,quantitative_directionality,"The sentence expresses negative sentiment through a measured decrease in readership. FinBERT captures the direction of the change, while the rule and TF-IDF models return neutral.",high
Lean System supports change management and component purchasing extremely well .,positive,neutral,neutral,positive,finbert_only_correct,False,False,False,False,evaluative_business_language,Positive meaning is expressed through the broader evaluation 'supports ... extremely well' rather than a simple financial change word. FinBERT captures this evaluative context while the simpler models return neutral.,high
"Changes in the market situation and tougher price competition have substantially reduced demand for bread packaging manufactured at the Kauhava plant , according to the company .",negative,neutral,neutral,negative,finbert_only_correct,False,False,False,False,business_event_semantics,The negative meaning follows from the combination of tougher competition and substantially reduced demand. FinBERT captures the adverse business context while the simpler models do not.,high
"The company is in the process of building a new fleet and has placed orders for 10 P-Max tankers of 65,200 dwt .",positive,neutral,neutral,positive,finbert_only_correct,False,False,False,False,business_event_semantics,The positive label depends on interpreting fleet expansion and new tanker orders as a favorable business-development event. FinBERT captures this event-level meaning while the simpler models classify it as neutral.,medium
Sales of mid-strength beer decreased by 40 % .,negative,positive,neutral,negative,finbert_only_correct,False,False,False,False,quantitative_directionality,The key signal is a 40 percent decrease in sales. FinBERT correctly interprets the quantitative direction as negative; TF-IDF returns neutral and the rule model produces the wrong polarity.,high
"The company 's scheduled traffic , measured in revenue passenger kilometres RPK , grew by just over 2 % and nearly 3 % more passengers were carried on scheduled flights than in February 2009 .",positive,neutral,neutral,positive,finbert_only_correct,False,False,False,False,quantitative_directionality,Growth in revenue passenger kilometres and passenger numbers indicates positive performance. FinBERT combines these quantitative changes correctly while the simpler models remain neutral.,high
Sanoma Corporation wants a new and better frequency for the Helsinki metropolitan area .,neutral,positive,neutral,positive,tfidf_only_correct,False,False,False,False,future_intention_vs_realization,"The sentence describes something the company wants rather than an achieved improvement. The words 'new' and 'better' appear to pull the rule model and FinBERT toward positive sentiment, while TF-IDF correctly preserves the neutral label.",high
"Because expenditures must be justified to pass budget approval hurdles , we believe our RoP model can help make it easier for IT and IT security practitioners to make the business case for acquiring enabling security technologies and related control activities .",neutral,positive,neutral,positive,tfidf_only_correct,False,False,False,False,surface_lexical_polarity,"The sentence contains favorable promotional language such as 'help', 'easier', and 'enabling', but the annotated statement is neutral. The rule model and FinBERT appear to overinterpret this positive surface language.",medium
Diluted loss per share stood at EUR 0.15 versus EUR 0.26 .,positive,negative,positive,negative,tfidf_only_correct,False,False,False,False,comparative_financial_reasoning,"The word 'loss' is negative in isolation, but loss per share improves from 0.26 to 0.15. The rule model and FinBERT appear dominated by the negative concept 'loss', whereas TF-IDF correctly captures the favorable comparison.",high
The company reports a loss for the period of EUR 0.4 mn compared to a loss of EUR 1.9 mn in the corresponding period in 2005 .,positive,negative,positive,negative,tfidf_only_correct,False,False,False,False,comparative_financial_reasoning,"The company still reports a loss, but the loss narrows from 1.9 million to 0.4 million. Correct polarity therefore requires reasoning jointly about the financial metric and the direction of change. TF-IDF succeeds while FinBERT and the rule model do not.",high
Return on investment ROI was 4.1 % compared to 43.8 % in the first half of 2008 .,negative,neutral,negative,positive,tfidf_only_correct,False,False,False,False,comparative_financial_reasoning,"Return on investment falls sharply from 43.8 percent to 4.1 percent. TF-IDF correctly recognizes the negative comparison, while FinBERT assigns positive sentiment despite the deterioration.",high
Loss after taxes amounted to EUR 1.2 mn compared to a loss of 2.6 mn .,positive,negative,positive,negative,tfidf_only_correct,False,False,False,False,comparative_financial_reasoning,"The loss after taxes narrows from 2.6 million to 1.2 million, which is favorable despite the repeated negative word 'loss'. TF-IDF captures the comparative meaning while FinBERT and the rule model classify the sentence as negative.",high
Karppinen expects the consolidation trend to continue in the Finnish market .,neutral,neutral,positive,positive,rule_only_correct,False,False,True,False,expectation_vs_realization,"The sentence reports an expectation that an existing consolidation trend will continue rather than a realized positive outcome. TF-IDF and FinBERT interpret the expectation as positive, while the rule model preserves the annotated neutral sentiment.",high
Operating loss increased to EUR 17mn from a loss of EUR 10.8 mn in 2005 .,negative,negative,positive,positive,rule_only_correct,False,False,False,False,comparative_financial_reasoning,"An operating loss increases from 10.8 million to 17 million. The word 'increased' is normally associated with positive growth, but here increasing a loss is negative. TF-IDF and FinBERT fail to combine the metric identity with the direction of change.",high
"`` We have analyzed Kaupthing Bank Sweden and found a business which fits well into Alandsbanken , '' said Alandsbanken 's chief executive Peter Wiklof in a statement .",positive,neutral,neutral,neutral,all_wrong,False,False,False,False,implicit_business_evaluation,Positive sentiment is implied by the judgment that the acquired business 'fits well' into the company. None of the models captures this relatively implicit business evaluation.,medium
"Many of the commercial vessels had got stuck in the narrow Bay of Bothnia , where the ice is thicker , and around the Aaland islands .",negative,neutral,neutral,neutral,all_wrong,False,False,False,False,event_consequence_knowledge,"Negative sentiment follows from understanding that commercial vessels becoming stuck in thick ice is an adverse operational event. All three models return neutral, suggesting difficulty with sentiment that depends on event consequences rather than explicit polarity words.",high
"As a result , 12 people will be made redundant and a total of 67 persons are laid off temporarily .",negative,neutral,neutral,neutral,all_wrong,False,False,False,False,event_consequence_knowledge,"Redundancies and temporary layoffs are adverse employment events, but all three systems classify the sentence as neutral. The polarity depends on understanding the real-world consequence of the event.",high
"The airline has ordered nine Airbus A350-900 aircraft with deliveries from 2011 , and in doing so becomes the lead airline for the latest variant of Rolls-Royce Trent series engines , called the 1700 .",positive,neutral,neutral,neutral,all_wrong,False,False,False,False,business_event_semantics,"The positive annotation depends on interpreting a major aircraft order and lead-airline status as favorable business developments. All three models remain neutral, indicating difficulty with implicit event-level business sentiment.",medium
"The contracts of the employees , 96 of whom are blue-collar workers , will be ended between March and August 2011 .",negative,neutral,neutral,neutral,all_wrong,False,False,False,False,event_consequence_knowledge,"Ending employee contracts is an adverse employment event even without explicit sentiment vocabulary. All three models return neutral, suggesting limited event-consequence understanding.",high
"For Telenor , the three and a half year contract is worth an estimated 12.6 m. YIT has chosen Telenor and Elisa as its principal suppliers of ICT solutions in Norway , Sweden , Denmark and Finland .",positive,neutral,neutral,neutral,all_wrong,False,False,False,False,business_event_semantics,"Being chosen as a principal supplier for a valuable multi-year contract is a positive commercial event. All three systems classify the sentence as neutral, failing to infer sentiment from the business event.",medium
Finnish handling systems company Cargotec Oyj ( HEL : CGCBV ) said today that it won a EUR 13 million ( USD 16.6 m ) contract to deliver MacGregor hatch covers for ships ordered by Norwegian shipowner Grieg Shipping .,positive,neutral,positive,positive,finbert_tfidf_correct,False,False,False,False,lexical_coverage,"Winning a large contract is explicitly favorable, and both learned models classify it correctly. The rule-based system returns neutral, consistent with limited dictionary coverage for this construction.",high
"Finnish Kemira 's net sales EUR decreased to EUR 1,259.6 mn in January-June 2009 from EUR 1,425.1 mn in January-June 2008 .",negative,neutral,negative,negative,finbert_tfidf_correct,False,False,False,False,lexical_coverage,"The decrease in net sales is correctly recognized as negative by TF-IDF and FinBERT. The rule model returns neutral, indicating that its fixed lexicon does not reliably cover this wording.",high
"Revenue in July to September grew 14 percent to ( EURO ) 467 million from a year earlier , the company said Thursday .",positive,neutral,positive,positive,finbert_tfidf_correct,False,False,False,False,lexical_coverage,"Revenue growth is correctly classified as positive by both learned models. The rule system returns neutral, illustrating the limited coverage of the fixed financial dictionary in this sentence.",high
"Repair and maintenance business accounted for net sales of EUR 645.3 mn , up from EUR 563.6 mn .",positive,neutral,positive,positive,finbert_tfidf_correct,False,False,False,False,lexical_coverage,"The phrase 'up from' expresses a favorable increase in net sales. TF-IDF and FinBERT capture this relation, while the rule system returns neutral because its lexical rules do not represent the full comparative construction.",high
"HELSINKI (Thomson Financial)- Kemira GrowHow swung into profit in its first quarter earnings on improved sales , especially in its fertilizer business in Europe , which is normally stronger during the first quarter .",positive,positive,neutral,positive,finbert_rule_correct,False,False,False,False,contextual_financial_transition,"The phrase 'swung into profit' describes a transition from a worse financial state to a profitable one. FinBERT and the rule model capture the positive meaning, while TF-IDF fails to recognize the multiword financial transition.",high
"Mika Stahlberg , VP F-Secure Labs , said , `` We are excited and proud that F-Secure has been recognized by AV-Comparatives as the Product of the Year .",positive,positive,neutral,positive,finbert_rule_correct,False,False,False,False,evaluative_business_language,"Positive sentiment is conveyed through explicitly evaluative language such as 'excited', 'proud', and 'Product of the Year'. FinBERT and the rule model capture this evaluation, while TF-IDF returns neutral.",high
"The Dutch broker noted that Nokian Tyres reported a good first quarter in 2006 , above or in line with consensus .",positive,positive,neutral,positive,finbert_rule_correct,False,False,False,False,benchmark_expectation_semantics,"The positive meaning depends on financial benchmark language: 'good first quarter' and performance 'above or in line with consensus'. FinBERT and the rule system classify it correctly, while TF-IDF misses the domain-specific evaluative combination.",medium
"According shipping company Viking Line , the EU decision will have a significant financial impact .",neutral,neutral,neutral,negative,tfidf_rule_correct,False,False,False,False,surface_lexical_polarity,"The phrase 'significant financial impact' does not specify whether the impact is positive or negative, so the annotation is neutral. FinBERT appears to infer negative polarity from the word 'impact', while the other models remain neutral.",medium
"When this investment is in place , Atria plans to expand into the Moscow market .",neutral,neutral,neutral,positive,tfidf_rule_correct,False,False,False,False,future_intention_vs_realization,"The sentence describes a future plan to expand rather than a realized improvement. FinBERT treats expansion language as positive, whereas the rule and TF-IDF models correctly retain the neutral annotation.",high
"In a note to clients published , the Dutch broker described the company 's third quarter results as ` soft ' , although it also noted that Elcoteq retained its guidance , dealers said .",neutral,neutral,neutral,negative,tfidf_rule_correct,False,True,True,False,contrast_composition,"The sentence contains competing signals: the results are described as 'soft', but the company retained its guidance. The human label is neutral, suggesting the clauses offset one another. FinBERT overweights the negative evaluation, while the simpler models produce the neutral label.",high
