sentence,label,label_name,prediction,positive_hits,negative_hits,uncertainty_hits,constraining_hits,sentiment_score,has_sentiment_coverage,matched_positive,matched_negative,matched_uncertainty,matched_constraining
"Incap Contract Manufacturing Services Pvt Ltd , a subsidiary of Incap Corporation of Finland , plans to double its revenues by 2007-2008 .",2,positive,1,0,0,0,0,0,False,,,,
"In July-September 2009 , Konecranes ' sales decreased to EUR 368.7 mn from EUR 520.4 mn in July-September 2008 .",0,negative,1,0,0,0,0,0,False,,,,
Almost two thirds of Olvi 's net sales come from outside Finland .,1,neutral,1,0,0,1,0,0,False,,,almost,
"According to the report , Elisa 's and DNA 's joint market share of Finland 's telecom market is 59 % .",1,neutral,1,0,0,0,0,0,False,,,,
"The 10,000-odd square metre plot that Stockmann has bought for the Nevsky Center shopping center is located on Nevsky Prospect , St Petersburg 's high street , next to the Vosstaniya Square underground station , in the immediate vicinity of Moscow Station .",1,neutral,1,0,0,0,0,0,False,,,,
We are now taking Marimekko there on a distinctly more significant scale .,1,neutral,1,0,0,0,0,0,False,,,,
"` Our strategic cooperation with Rentakran brings us new customers and already-working relationships with the authorities of the new territories , ' said Jarmo Laasanen , a senior manager at Cramo .",2,positive,1,0,0,0,0,0,False,,,,
"ADPnews - Jul 17 , 2009 - Finland-based steel maker Rautaruukki Oyj Ruukki HEL : RTRKS said today it slipped to a net loss of EUR 184 million USD 259.7 m for the first half of 2009 from a net profit of EUR 2",0,negative,0,0,1,0,0,-1,True,,loss,,
Cameco typically prices sales contracts using a 40:60 ratio of fixed prices and spot prices .,1,neutral,1,0,0,0,0,0,False,,,,
"One price category is for calls on the preferred operator 's network , and another for calls on other operators ' networks .",1,neutral,1,0,0,0,0,0,False,,,,
"In 2006 the company 's net sales amounted to approximately EUR259m and it has some 8,000 employees .",1,neutral,1,0,0,1,0,0,False,,,approximately,
"As a result , 12 people will be made redundant and a total of 67 persons are laid off temporarily .",0,negative,1,0,0,0,0,0,False,,,,
"The second variant offers complete final finishing of any selected apartment with foreign high quality materials ( Finland , Denmark , Germany , France ) .",1,neutral,1,0,0,1,0,0,False,,,variant,
"`` Lining stone sales were also good in the early autumn , and order books are strong to the end of the year .",2,positive,2,2,0,0,0,2,True,good; strong,,,
"At 12.01 pm , the OMX Helsinki 25 was down 0.66 pct to 3,143.57 and the OMX Helsinki was 0.67 pct lower at 10,530.74 on 253 mln eur turnover .",0,negative,1,0,0,0,0,0,False,,,,
The EUR17m contract includes both design and construction works .,1,neutral,1,0,0,0,0,0,False,,,,
The company said that it has agreed to a EUR160m unsecured credit line from lenders .,1,neutral,1,0,0,0,0,0,False,,,,
Rimi supermarket is the key customer in Magistral center .,1,neutral,1,0,0,0,0,0,False,,,,
The contract includes heating plant equipment and associated installation work .,1,neutral,1,0,0,0,0,0,False,,,,
"In a note to clients published , the Dutch broker described the company 's third quarter results as ` soft ' , although it also noted that Elcoteq retained its guidance , dealers said .",1,neutral,1,0,0,0,0,0,False,,,,
"Satama 's net profit for the third quarter of 2007 rose to 275,000 euro ( $ 395,000 ) from 270,000 euro ( $ 388,000 ) for the same period of 2006 .",2,positive,1,0,0,0,0,0,False,,,,
"The subsidiary will be responsible for filter sales , local assembly of filters and after market services in China .",1,neutral,1,0,0,0,0,0,False,,,,
Finnish Raute Precision has won large glass batch plant and mortar plant orders from Mexico and the US .,2,positive,1,0,0,0,0,0,False,,,,
"Technopolis has set aside a plot of land measuring 4.6 hectares to build the park , Mikkonen said .",1,neutral,1,0,0,0,0,0,False,,,,
The Line 4 will run fully underground and will comprise 10 stations which will be executed in two implementation stages .,1,neutral,1,0,0,0,0,0,False,,,,
"The repayment of EUR 105 million debenture bonds is related to the Company 's previous announcement on October 21 , 2009 to collect irrevocable selling commitments from the holders of its subordinated debenture bonds .",1,neutral,1,0,0,0,2,0,False,,,,irrevocable; commitments
"PCS Digital Guatemala has been using Tecnomen 's prepaid system in Telgua fixed networks as well as code division multiple access , or CDMA , and global system for mobile communication , or GSM , since 2003 .",1,neutral,1,0,0,0,0,0,False,,,,
The estimated annual value of the frame agreement is about EUR 50mn .,1,neutral,1,0,0,0,0,0,False,,,,
Yvonne Jones is owner of Chameleon Interiors .,1,neutral,1,0,0,0,0,0,False,,,,
Underground parking facilities will also be built on the basement floor .,1,neutral,1,0,0,0,0,0,False,,,,
Scanfil expects net sales in 2008 to remain at the 2007 level .,1,neutral,1,0,0,0,0,0,False,,,,
"The business has sales of about ( Euro ) 35 million ( $ 44million ) , and has been responsible for sales and marketing of Lanxess 's paper chemicals business , which Kemira bought for ( Euro ) 88 million early this year ( CW , Jan. 11 , p. 22 ) .",1,neutral,1,0,0,0,0,0,False,,,,
"Revenue in July to September grew 14 percent to ( EURO ) 467 million from a year earlier , the company said Thursday .",2,positive,1,0,0,0,0,0,False,,,,
"Xerox and Stora Enso have teamed up to tailor the iGen3 to the short-run , on-demand packaging market .",2,positive,1,0,0,0,0,0,False,,,,
The net sales of the Power Plants business were EUR 710.3 million in 2005 .,1,neutral,1,0,0,0,0,0,False,,,,
Earnings per share ( EPS ) in 2005 decreased to EUR1 .87 from EUR1 .89 in 2003 .,0,negative,1,0,0,0,0,0,False,,,,
"In the Czech Republic , the profiling unit at Ostrava will be closed and the machinery will be relocated to Ruukki 's bigger plants in Hungary , Poland and Romania by the end of the first quarter of 2009 .",1,neutral,1,0,0,0,0,0,False,,,,
The stock was hit by the profit warning of Finnish rival Rautaruukki Oyj ( OMX : RTRKS ) .,0,negative,0,0,1,0,0,-1,True,,warning,,
"ADP News - Nov 13 , 2008 - Finnish printed circuit board PCB maker Aspocomp Group Oyj OMX : ACG1V said today that its net loss narrowed to EUR 2 million USD 2.5 m in the first nine months of 2008 from EUR 57",2,positive,0,0,1,0,0,-1,True,,loss,,
"ALEXANDRIA , Va. , March 20 -- Patrik Flykt and Timo Alakoski , both of Helsinki , Finland , and Tapio Suihko and Nadarajah Asokan , both of Espoo , Finland , have developed a method of mobility support of Internet-type protocol traffic in a communication system .",1,neutral,1,0,0,0,0,0,False,,,,
The proposal by the Board of Directors on the issuance of option rights will otherwise correspond to the proposal by the Board of Directors in the Notice to the General Meeting .,1,neutral,1,0,0,0,0,0,False,,,,
"Thus , SysOpen Digia has , in accordance with Chapter 14 Section 21 of the Finnish Companies Act 29.9.1978 - 734 , obtained title to all the shares of Sentera that are to be redeemed .",1,neutral,1,0,0,0,0,0,False,,,,
An audio webcast will be available live and archived on Cerner 's Web site at www.cerner.com .,1,neutral,1,0,0,0,0,0,False,,,,
"In the second quarter of 2010 , the group 's pretax loss narrowed to EUR 400,000 from EUR 600,000 .",2,positive,0,0,1,0,0,-1,True,,loss,,
"Operating loss totalled EUR 0.3 mn , down from a profit of EUR 5.1 mn in the first half of 2009 .",0,negative,0,0,1,0,0,-1,True,,loss,,
"cents The profile contains business operations , the company history , major products and services , prospects , key competitors , structure and key employees , locations and subsidiaries .",1,neutral,1,0,0,0,0,0,False,,,,
"As part of the transaction , M-real and Sappi have also signed a long-term agreement on the supply of pulp and BCTMP and other smaller services and supplies .",2,positive,1,0,0,0,0,0,False,,,,
`` Printed fabrics and related design expertise have always been the core of Marimekko 's business and brand .,1,neutral,1,0,0,0,0,0,False,,,,
The insurance division turned a EUR120m profit .,1,neutral,1,0,0,0,0,0,False,,,,
"Profit for the period was EUR 9.8 mn , up from EUR 6.0 mn in 2004 .",2,positive,1,0,0,0,0,0,False,,,,
"This action follows personnel negotiations concerning Elcoteq SE , Finnish Branch , Elcoteq Finland Oy and Elcoteq Design Center Oy .",1,neutral,1,0,0,0,0,0,False,,,,
"Global Markets Direct 's Pohjola Bank plc - Financial Analysis Review is an in-depth business , financial analysis of Pohjola Bank plc. .",1,neutral,1,0,0,0,0,0,False,,,,
"Both operating profit and net sales for the 12-month period increased , respectively from EUR20 .8 m and EUR177 .7 m , as compared to the financial year 2004 .",2,positive,1,0,0,0,0,0,False,,,,
"Veidekke , headquartered in Oslo , Norway , is a Scandinavian construction and property development group with some 6,350 employees in Norway , Sweden and Denmark , with an annual turnover of NOK16 .4 bn .",1,neutral,1,0,0,0,0,0,False,,,,
"Among the Scandinavian companies present in St. Petersburg , is also named the Swedish concern NCC , which implements projects in the field of asphalt production , road and housing construction ( project Swedish Krona ) .",1,neutral,0,0,1,0,0,-1,True,,concern,,
The output of the contracts totals 72 MWe .,1,neutral,1,0,0,0,0,0,False,,,,
"Creating interfaces that are more similar to interactions in the real world can enable experiences that are more natural and intuitive , in the same way that modern games and movies are more immersive through the use of realistic 3-D graphics .",1,neutral,2,1,0,0,0,1,True,enable,,,
Tiimari operates 194 stores in six countries -- including its core Finnish market -- and generated a turnover of 76.5 mln eur in 2005 .,1,neutral,1,0,0,0,0,0,False,,,,
The value of the order is about EUR 30mn .,1,neutral,1,0,0,0,0,0,False,,,,
The company is listed on the Nordic Exchange in Helsinki .,1,neutral,1,0,0,0,0,0,False,,,,
The financial statements release will be available after publishing on the Company 's internet pages at www.cargotec.com .,1,neutral,1,0,0,0,0,0,False,,,,
"The company offers payroll services , including payroll processing , payroll tax administration , and employee pay services , including direct deposit , check signing , and Readychex .",1,neutral,1,0,0,0,0,0,False,,,,
The capital structure of Solidium may be complemented by other financial instruments in the future .,1,neutral,1,0,0,1,0,0,False,,,may,
"At first , Solteq 's services to companies operating in the St. Petersburg area will include maintenance and material management systems and data collection solutions .",1,neutral,1,0,0,0,0,0,False,,,,
The bridge will be 1.2 km long and is located between Anasmotet by the road E20 and the new traffic junction in Marieholm by the road E45 .,1,neutral,1,0,0,0,0,0,False,,,,
Net sales increased to EUR655m in April to June 2010 from EUR438m a year earlier .,2,positive,1,0,0,0,0,0,False,,,,
"Economic development in China is no longer taking place only on the East coast and in the Shanghai area , Vauramo says .",1,neutral,1,0,0,0,0,0,False,,,,
It will focus on improving its profitability next year by streamlining operations .,2,positive,2,2,0,0,0,2,True,improving; profitability,,,
Sanoma Corporation wants a new and better frequency for the Helsinki metropolitan area .,1,neutral,2,1,0,0,0,1,True,better,,,
"Also , CBA is to issue a benchmark , 10 year fixed rate deal in Euros .",1,neutral,1,0,0,0,0,0,False,,,,
"According to Olvi 's Managing Director Lasse Aho , the company has an ongoing MMX Plus project that aims to find growth outside Finland .",2,positive,1,0,0,0,0,0,False,,,,
The increase range will vary up to 10 % .,1,neutral,1,0,0,1,0,0,False,,,vary,
The company then said it will focus its resources on clinical research .,1,neutral,1,0,0,0,0,0,False,,,,
"Sales in Latin America increased by 42 % to EUR 432mn , and a total of 8.7 mn mobile devices were sold in the area , representing an increase of 32 % from the corresponding period in 2009 .",2,positive,1,0,0,0,0,0,False,,,,
"Uncertainties still exist , however .",1,neutral,1,0,0,1,0,0,False,,,uncertainties,
"India 's trade with Russia currently stands at four billion dollars , growing 9.6 per cent in fiscal 2007 .",2,positive,1,0,0,0,0,0,False,,,,
`` The announced investment of the carmaker Hyundai for example sounds optimistically for us as of course new cars mean new tires . '',2,positive,1,0,0,0,0,0,False,,,,
Pharmaceutical market in Belgium Global Research & Data Services published recently a market analysis about the pharmaceutical markets in Belgium .,1,neutral,1,0,0,0,0,0,False,,,,
Operating profit fell to EUR 20.3 mn from EUR 74.2 mn in the second quarter of 2008 .,0,negative,1,0,0,0,0,0,False,,,,
"When the OMX market forwards mature on May 16 , 2008 , Novator Finland Oy 's direct shareholding in Amer Sports Corporation will exceed one-fifth 1-5 of the company 's shares and voting rights .",1,neutral,1,0,0,1,0,0,False,,,may,
L&T also acquired a 50 pct stake in local sector company Salvor Oy at the beginning of September 2007 .,1,neutral,1,0,0,0,0,0,False,,,,
LONDON MarketWatch -- Share prices ended lower in London Monday as a rebound in bank stocks failed to offset broader weakness for the FTSE 100 .,0,negative,0,1,2,0,0,-1,True,rebound,failed; weakness,,
"For Telenor , the three and a half year contract is worth an estimated 12.6 m. YIT has chosen Telenor and Elisa as its principal suppliers of ICT solutions in Norway , Sweden , Denmark and Finland .",2,positive,1,0,0,0,0,0,False,,,,
"Both operating profit and net sales for the nine-month period increased , respectively by 26.6 % and 3.4 % , as compared to the corresponding period in 2006 .",2,positive,1,0,0,0,0,0,False,,,,
Finnish silicon wafers manufacturer Okmetic Oyj said it swung to a net profit of 4.9 mln euro $ 6.3 mln in the first nine months of 2006 from a net loss of 1.8 mln euro $ 2.3 mln a year earlier .,2,positive,0,0,1,0,0,-1,True,,loss,,
The company expects its net sales for the whole 2009 to remain below the 2008 level .,0,negative,1,0,0,0,0,0,False,,,,
Both the net sales and operating profit were record high in the company 's history .,2,positive,1,0,0,0,0,0,False,,,,
After 1 April 2007 Cencorp will not have any own employees in the territory .,1,neutral,1,0,0,0,0,0,False,,,,
Aspocomp intends to set up a plant to manufacture printed circuit boards with an investment of Rs310 crore .,1,neutral,1,0,0,0,0,0,False,,,,
The fair value of CapMan Plc 's own investments on 30 September 2008 amounted to MEUR 59.8 .,1,neutral,1,0,0,0,0,0,False,,,,
"The company , which has EUR2 .8 bn in assets , counts among its five largest shareholders Finnish insurers Ilmarinen 4.34 % and Varma 0.70 % , as well as the Finnish state pension fund VER 0.61 % .",1,neutral,1,0,0,0,0,0,False,,,,
"Mercator will use the software for its logistic , retail and wholesale operations in Slovenia and its other markets in southeastern Europe .",1,neutral,1,0,0,0,0,0,False,,,,
"( ADP News ) - Feb 12 , 2009 - Finnish construction company Lemminkainen Oyj ( HEL : LEM1S ) said today its net profit decreased to EUR 63.5 million ( USD 81.1 m ) for 2008 from EUR 80.6 million for 2007 .",0,negative,1,0,0,0,0,0,False,,,,
"The first phase of the logistics complex envisages the completion of some 70,000 sq m of logistics premises and the gatehouse building in November 2008 .",1,neutral,1,0,0,0,0,0,False,,,,
"VDW combined with LXE devices enhances productivity , enabling workers to use a single device to perform voice , scanning and keyboard functions .",2,positive,2,2,0,0,0,2,True,enhances; enabling,,,
Cision says the sale will return its U.K. operation to profitability .,2,positive,2,1,0,0,0,1,True,profitability,,,
"After the takeover , Cramo will become the second largest rental services provider in the Latvian market .",2,positive,1,0,0,0,0,0,False,,,,
"Together with Latvia , Cramo will operate 54 rental outlets in the Baltic States .",1,neutral,1,0,0,0,0,0,False,,,,
Finnlines estimated in its annual general meeting that 2008 will be financially a tough year due to large investments .,0,negative,1,0,0,0,0,0,False,,,,
All rights reserved .,1,neutral,1,0,0,0,0,0,False,,,,
Finnish Bore that is owned by the Rettig family has grown recently through the acquisition of smaller shipping companies .,2,positive,1,0,0,0,0,0,False,,,,
"The share sale , to foreign and Finnish investors , is expected to raise some euro300 million ( US$ 380 million ) .",1,neutral,1,0,0,0,0,0,False,,,,
The front surfaces of these valve plates are directed towards each other .,1,neutral,1,0,0,0,0,0,False,,,,
"Comparable operating profit totaled EUR 4.7 mn , down from EUR 5.1 mn in the corresponding period in 2005 , representing 7.4 % of net sales .",0,negative,1,0,0,0,0,0,False,,,,
"A total of 185 Wonderware Certified SIs are available to integrate and support Wonderware products such as InTouch -« HMI software , IndustrialSQL Server historian , Wonderware Information Server , DT Analyst software or QI Analyst SPC software .",1,neutral,1,0,0,0,0,0,False,,,,
"With CapMan as a partner , we will be able to further develop our business and continue to focus on providing quality restaurant services for our customers , '' says Christopher Wynne , CEO of Papa John 's Russia .",2,positive,2,1,0,0,0,1,True,able,,,
Activities range from the development of natural resources to the retailed marketing of finished products .,1,neutral,1,0,0,0,0,0,False,,,,
Market share decreased on the route between Helsinki in Finland and Tallinn in Estonia by 0.1 percentage points to 24.8 % .,0,negative,1,0,0,0,0,0,False,,,,
"The Polish business employs about 1,000 people , and it had net sales of about EUR 70mn in 2007 .",1,neutral,1,0,0,0,0,0,False,,,,
"The value of the deal exceeds EUR500 ,000 , the company said .",1,neutral,1,0,0,0,0,0,False,,,,
"The contracts awarded to date , in connection with the system , amount to a total EUR 36 million .",1,neutral,1,0,0,0,0,0,False,,,,
The company 's board of directors has proposed a dividend of EUR0 .12 per share for 2006 .,1,neutral,1,0,0,0,0,0,False,,,,
The business development initiatives in North America are headed by Lynn Shanahan .,1,neutral,1,0,0,0,0,0,False,,,,
"The fourth quarter saw Rapala swing back to a pretax profit of 1.5 mln eur from a year earlier loss of 1.2 mln on the back of a 30 pct uplift in sales to 44.8 mln eur , and a stronger performance in North America .",2,positive,1,1,1,0,0,0,True,stronger,loss,,
The company expects its net sales in 2008 to increase 5-10 % from 2007 .,2,positive,1,0,0,0,0,0,False,,,,
"The order consists of capacity expansion , maintenance services and new charging functionality , the company said .",1,neutral,1,0,0,0,0,0,False,,,,
"Svyturys-Utenos Alus , which is controlled by the Nordic group Baltic Beverages Holding ( BBH ) , posted a 6.1 percent growth in beer sales for January-September to 101.99 million liters .",2,positive,1,0,0,0,0,0,False,,,,
EUR 152.4 mn of this was net interest income .,1,neutral,1,0,0,0,0,0,False,,,,
"Votorantim Celulose e Papel ( VCP ) is part of the Votorantim Group , a major Brazilian conglomerate .",1,neutral,1,0,0,0,0,0,False,,,,
"YIT CORPORATION SEPT. 24 , 2007 at 13:30 CORPORATE RELEASE STOCK EXCHANGE RELEASE YIT 'S CAPITAL MARKETS DAY IN LONDON , SEPT. 26 , 2007 On Wednesday , September 26 , 2007 , YIT will hold a Capital Markets Day for investors and analysts in London .",1,neutral,1,0,0,0,0,0,False,,,,
"Entire paper mills may be set up , especially in the new EU member states .",1,neutral,1,0,0,1,0,0,False,,,may,
"The maximum amount of the capital loan will be EUR30m and the minimum subscription -- EUR10 ,000 .",1,neutral,1,0,0,0,0,0,False,,,,
The total value of the deliveries is some EUR65m .,1,neutral,1,0,0,0,0,0,False,,,,
"The original name Componenta +àm+Ñl , as a subsidiary of the Finnish Componenta Group , has been changed to +àm+Ñl Components and the company has seen a 63 % growth in Q1 2010 , in comparison to Q1 2009 .",2,positive,1,0,0,0,0,0,False,,,,
"Jeder Beta-Tester erh+ñlt kostenlos sechs Monate lang Updates und hat laut eigener Aussage die M+Âglichkeit , die finale Version zu beeinflussen .",1,neutral,1,0,0,0,0,0,False,,,,
"At some point in 2010 , all separate company names , such as Palmberg , Tekmanni , Lemcon , Forssan Betoni , Suonenjoen Betonituote , among others , will disappear .",1,neutral,0,0,1,0,0,-1,True,,disappear,,
"Teleste 's hybrid TV solution includes components for the whole process of delivering video services to consumers from content acquisition and service creation to delivery through a range of access solutions , including HFC ( hybrid fibre-coaxial ) , xDSL , EttH , and FttH .",1,neutral,1,0,0,0,0,0,False,,,,
Le Lay succeeds Walter G++nter and will be based in Finland .,1,neutral,2,1,0,0,0,1,True,succeeds,,,
"So far the company has awarded more than $ 350,000 worth of tools and materials .",1,neutral,1,0,0,0,0,0,False,,,,
The bridge is part of the highway 14 development project .,1,neutral,1,0,0,0,0,0,False,,,,
"Net sales for the financial year 2006 are expected to amount to about EUR20m and the operating result EBIT is expected to be a loss , as announced before .",0,negative,0,0,1,0,0,-1,True,,loss,,
STUK today is a full service house expert in radiation and nuclear safety issues .,1,neutral,1,0,0,0,0,0,False,,,,
"The stock price rose 70.0 ores or 0.9 % to close at SEK77 .65 , ending a two-day streak of losses .",2,positive,0,0,1,0,0,-1,True,,losses,,
They will be sunk to a depth of some 360-380 metres and fixed to the bottom mud by vacuum .,1,neutral,1,0,0,0,0,0,False,,,,
"Fiskars , the World 's  1 Scissors Brand TM , recently won Learning -« Magazine 's 2011 Teachers ' Choice Award for the Classroom .",2,positive,1,0,0,0,0,0,False,,,,
STOCK EXCHANGE ANNOUNCEMENT 20 July 2006 1 ( 1 ) BASWARE SHARE SUBSCRIPTIONS WITH WARRANTS AND INCREASE IN SHARE CAPITAL A total of 119 850 shares have been subscribed with BasWare Warrant Program .,1,neutral,1,0,0,0,0,0,False,,,,
"Citigroup , Inc ( NYSE : C ) has announced that its Global Transaction Services ( GTS ) business has been awarded a new mandate by Finland-based Pohjola Bank Group .",2,positive,1,0,0,0,1,0,False,,,,mandate
"The combination of all services enabling us to offer a complex and strengthened service chain not only limited to the Baltic port connections but also for getting access to the world wide Grimaldi Network into the Mediterranean , Africa and North America `` says Uwe Bakosch .",2,positive,2,2,0,0,0,2,True,enabling; strengthened,,,
"Operating profit , excluding non-recurring items , totaled EUR 0.2 mn , down from EUR 0.8 mn in the corresponding period in 2006 .",0,negative,1,0,0,0,0,0,False,,,,
"( ADP News ) - Nov 28 , 2008 - Finnish power-supply solutions provider Efore Oyj ( OMX : EFO1V ) announced today the launch of OPUS DC , the latest power system in its OPUS product line .",2,positive,1,0,0,0,0,0,False,,,,
"The order includes a new Crecent former , headbox , and reel .",1,neutral,1,0,0,0,0,0,False,,,,
The sales price was not disclosed .,1,neutral,2,1,0,0,0,1,True,disclosed[NEGATED_NEGATIVE],,,
"`` With this agreement , we can continue our good cooperationand at the same time release capital that has been tied up in ourmachinery operation .",2,positive,2,1,0,0,0,1,True,good,,,
"OTHER  North-Rhine Westphalia - Is to issue a benchmark , 5 year fixed rate deal in Euros .",1,neutral,1,0,0,0,0,0,False,,,,
The second-quarter net sales are expected to be on par with the first quarter of 2009 .,1,neutral,1,0,0,0,0,0,False,,,,
"We offer our clients integrated management consulting , total solutions for complex projects and efficient , best-in-class design and supervision .",1,neutral,2,2,0,0,0,2,True,efficient; best,,,
The share subscription period for C options will commence on 1 September 2008 and expire on 31 March 2011 .,1,neutral,1,0,0,0,0,0,False,,,,
"Fiskars , a 360-year-old global business best known for its orange-handled scissors , expects to derive synergies of EUR5 million a year by consolidating certain parts of the housewares division where the two compete .",2,positive,2,1,0,0,0,1,True,best,,,
Neste Oil Corporation Refining Operation Asset Summary Report Summary Neste Oil Corporation Refining Operation Assets Summary Report is an essential source for company data and information .,1,neutral,1,0,0,0,0,0,False,,,,
"Fiskars Brands report net sales of EUR 145.8 mn , up from EUR 138.4 mn .",2,positive,1,0,0,0,0,0,False,,,,
"Because expenditures must be justified to pass budget approval hurdles , we believe our RoP model can help make it easier for IT and IT security practitioners to make the business case for acquiring enabling security technologies and related control activities .",1,neutral,2,2,0,1,0,2,True,easier; enabling,,believe,
Closing of such transaction took place today .,1,neutral,1,0,0,0,0,0,False,,,,
Elcoteq SE is Europe 's largest contract electronics maker and has set up a unit in Bangalore in association with Avista Advisory of Mumbai .,1,neutral,1,0,0,0,0,0,False,,,,
Finnish KCI Konecranes has raised its net sales growth estimate for 2006 from over 25 % to over 35 % .,2,positive,1,0,0,0,0,0,False,,,,
The order is a follow-on to an 11 mln euro ( $ 16.1 mln ) deal made in July 2007 .,1,neutral,1,0,0,0,0,0,False,,,,
"Under the transaction agreement , Metsaliitto will purchase 24.7 % of Metsa-Botnia 's shares from UPM and 3 % from M-real .",1,neutral,1,0,0,0,0,0,False,,,,
HELSINKI AFX - KCI Konecranes said it has won an order for four hot metal ladle cranes from Indian steel producer Bhushan Steel and Strips Ltd. .,2,positive,1,0,0,0,0,0,False,,,,
It is the first application in the market for invoice and purchase requisition approval with a mobile device .,1,neutral,1,0,0,0,0,0,False,,,,
"The opportunity will be available only for few employees , however .",1,neutral,2,1,0,0,0,1,True,opportunity,,,
The value of the deal was not disclosed .,1,neutral,2,1,0,0,0,1,True,disclosed[NEGATED_NEGATIVE],,,
The other deal is for process cranes to the Russian steel mill PNTZ in Pervorouralsky through an order placed by Turkish construction company Gama Endustri Tesisleri Imalat ve Montaj AS .,1,neutral,1,0,0,0,0,0,False,,,,
"The Stockmann department store will have a total floor space of over 8,000 square metres and Stockmann 's investment in the project will have a price tag of about EUR 12 million .",1,neutral,1,0,0,0,0,0,False,,,,
"The 5,000 megawatt wind farm being planned in Raahe would be built offshore in front of Ruukki 's Raahe Works .",1,neutral,1,0,0,0,0,0,False,,,,
"The company recorded revenues of E658 .1 million during the fiscal year ended December 2007 , an increase of 23 % over 2006 .",2,positive,1,0,0,0,0,0,False,,,,
Danske Bank is Denmark 's largest bank with 3.5 million customers .,1,neutral,1,0,0,0,0,0,False,,,,
Finnish Bank of +àland will launch its long-term pension savings account at the beginning of June 2010 .,1,neutral,1,0,0,0,0,0,False,,,,
Financial terms were n't disclosed .,1,neutral,0,0,1,0,0,-1,True,,disclosed,,
"Revenue for the quarter totaled 27.4 billion , down 2 percent from 28.1 billion in the fourth quarter in 2008 .",0,negative,1,0,0,0,0,0,False,,,,
"ALEXANDRIA , Va. , Nov. 19 -- Erkki Aho , Elimaki , Finland , has developed a method and apparatus in conjunction with a shoe press .",1,neutral,1,0,0,0,0,0,False,,,,
"The prerequisite for inclusion in the program and for receipt of any gains is that key employees acquire Aspo shares to the amount determined by the Board in advance , in the maximum .",1,neutral,2,1,0,0,0,1,True,gains,,,
"We also strengthen our existing partnership with Cybercom '' , says Teleste CTO Esko Myllyla .",2,positive,2,1,0,0,0,1,True,strengthen,,,
Unit costs for flight operations fell by 6.4 percent .,2,positive,1,0,0,0,0,0,False,,,,
The company is well positioned in Brazil and Uruguay .,2,positive,1,0,0,0,0,0,False,,,,
Other details were not provided .,1,neutral,1,0,0,0,0,0,False,,,,
"Capacity of the facility made by Finland 's Vaahto Group is 86,000 tons of light coated paper .",1,neutral,1,0,0,0,0,0,False,,,,
It has80 branches in Finland with annual revenue in Finland of ?,1,neutral,1,0,0,0,0,0,False,,,,
"The Group 's consolidated net sales for 2009 totaled 1.5 billion euros and it employs approximately 10,000 persons .",1,neutral,1,0,0,1,0,0,False,,,approximately,
Diluted earnings per share ( EPS ) rose to EUR 0.29 from EUR 0.05 .,2,positive,1,0,0,0,0,0,False,,,,
"Insurer Axa ( PAR : CS ) slid by 5.35 % to EUR 14.15 , after Citigroup and ING slashed their targets on the stock .",0,negative,1,0,0,0,0,0,False,,,,
"Finnish GeoSentric 's net sales decreased to EUR 939,000 in January-March 2009 .",0,negative,1,0,0,0,0,0,False,,,,
National sponsors for The Big Read include National Endowment for the Arts in cooperation with the Institute of Museum and Library Services and Arts Midwest .,1,neutral,1,0,0,0,0,0,False,,,,
Operating profit fell from EUR 7.9 mn in the second quarter of 2005 to EUR 5.1 mn in the second quarter of 2006 .,0,negative,1,0,0,0,0,0,False,,,,
The acquisition price was not disclosed .,1,neutral,2,1,0,0,0,1,True,disclosed[NEGATED_NEGATIVE],,,
"However , the brokers ' ratings on the stock differ .",1,neutral,1,0,0,1,0,0,False,,,differ,
The order includes 48 ship cranes that will be delivered for 12 container feeders to be built at Wenchong shipyard in China .,1,neutral,1,0,0,0,0,0,False,,,,
Nordea was the cheapest also for a couple in their 30s with debt .,1,neutral,1,0,0,0,0,0,False,,,,
"Tallink Silja attributes the significant drop to problems with the booking system that was taken into operation in October , the sale of trailer ferry ` Sky Wind ' and the route between Stockholm and Riga , which has won passengers from the Helsinki-Stockholm route .",0,negative,0,0,1,0,0,-1,True,,problems,,
The expansion is to be finalized in the autumn of 2009 .,1,neutral,1,0,0,0,0,0,False,,,,
"SAN FRANCISCO ( MarketWatch ) -- Nokia Corp , the world 's largest cell-phone maker , is using the Consumer Electronics Show in Las Vegas to introduce a high-end , thin folding phone , according to a media report Monday .",1,neutral,1,0,0,0,0,0,False,,,,
"Sales are expected to increase in the end of the year 2006 , however .",2,positive,1,0,0,0,0,0,False,,,,
Net sales surged by 30 % to EUR 36 million .,2,positive,1,0,0,0,0,0,False,,,,
Peigs www.peigs.se will become part of Sardus Latta Maltider Light Meals unit .,1,neutral,1,0,0,0,0,0,False,,,,
The contract will take effect in 2009 for a five or ten year period .,1,neutral,1,0,0,0,0,0,False,,,,
"However , the offering will probably not be made at the current valuation , which partly derives from the deal in which the company was merged into a stock market shell .",1,neutral,1,0,0,1,0,0,False,,,probably,
"Profit for the period was EUR 5.9 mn , up from EUR 1.3 mn .",2,positive,1,0,0,0,0,0,False,,,,
"( ADPnews ) - Feb 3 , 2010 - Finland-based steel maker Rautaruukki Oyj ( HEL : RTRKS ) , or Ruukki , said today it slipped to a larger-than-expected pretax loss of EUR 46 million ( USD 64.5 m ) in the fourth quarter of 2009 from a",0,negative,0,0,1,0,0,-1,True,,loss,,
"The gross area of eight houses will be 12,167 m2 .",1,neutral,1,0,0,0,0,0,False,,,,
"Svyturys-Utenos Alus , which is controlled by the Nordic group Baltic Beverages Holding ( BBH ) , posted a 4.7-per-cent growth in beer sales for January-May to 46.22 million litres .",2,positive,1,0,0,1,0,0,False,,,may,
"However , net sales in 2010 are seen to have grown to EUR598 .3 m from EUR582 .3 m in 2009 .",2,positive,1,0,0,0,0,0,False,,,,
"Luxembourg-registered investment fund Amber Trust II has won the final approval of Lithuania 's Competition Council to acquire 29.6 percent of Sanitas , the country 's largest pharmaceutical producer .",2,positive,1,0,0,0,0,0,False,,,,
"The broker has initiated both Palfinger AG and Konecranes OYJ with ` buy ' recommendations , with 51 and 42 eur price targets respectively .",2,positive,1,0,0,0,0,0,False,,,,
"The company will pay a dividend of EUR 0.50 per share , a total of EUR 14mn .",1,neutral,1,0,0,0,0,0,False,,,,
Runway Visual Range is a calculated assessment of the distance that a pilot can see down a runway .,1,neutral,1,0,0,0,0,0,False,,,,
"Under Finnish law , Parliament grants licences to build nuclear power plants .",1,neutral,1,0,0,0,0,0,False,,,,
Its market share is 6 percent according to AC Nielsen 's 2008 data .,1,neutral,1,0,0,0,0,0,False,,,,
Each share is entitled to one vote .,1,neutral,1,0,0,0,0,0,False,,,,
"The devices would be launched in the Chinese market in late 2006 , the company said .",1,neutral,1,0,0,0,0,0,False,,,,
"EXEL COMPOSITES IN BRIEF Exel Composites is a technology company which designs , manufactures and markets composite profiles and tubes for industrial applications .",1,neutral,1,0,0,0,0,0,False,,,,
All reproduction for further distribution is prohibited .,1,neutral,1,0,0,0,1,0,False,,,,prohibited
"8,600 m , and at the time of investment it is fully leased to several tenants .",1,neutral,1,0,0,0,0,0,False,,,,
"Finnish high technology provider Vaahto Group reports net sales of EUR 41.8 mn in the accounting period September 2007 - February 2008 , an increase of 11.2 % from a year earlier .",2,positive,1,0,0,0,0,0,False,,,,
Finnish Honkarakenne that specialises in the building of log houses is planning to use pine from Russian Karelia .,1,neutral,1,0,0,0,0,0,False,,,,
"As an alternative to the share exchange , Panostaja offers a full cash consideration at the value of 1.27 euro $ 1.7 per share .",1,neutral,1,0,0,0,0,0,False,,,,
"Repair and maintenance business accounted for net sales of EUR 645.3 mn , up from EUR 563.6 mn .",2,positive,1,0,0,0,0,0,False,,,,
"The 3C Expo is a signature show in Dongguan , which is supported by the Dongguan Municipal Government every year , featuring computer accessories , software , communication and network products .",1,neutral,1,0,0,0,0,0,False,,,,
Net sales increased to EUR193 .3 m from EUR179 .9 m and pretax profit rose by 34.2 % to EUR43 .1 m. ( EUR1 = USD1 .4 ),2,positive,1,0,0,0,0,0,False,,,,
"Rohwedder Group is an automotive supplies , telecommunications and electronics industry provider for customers in Europe , North America and Asia .",1,neutral,1,0,0,0,0,0,False,,,,
Passenger volumes rose by 8.4 % in the accounting period .,2,positive,1,0,0,0,0,0,False,,,,
"If Honkarakenne starts production there , it will need a partner for sawmill operations .",1,neutral,1,0,0,0,0,0,False,,,,
"`` Method and System for Controlling a Hard Disk Drive Using a Multimediacard Physical Interface '' was invented by Marko Ahvenainen Ruutana , Finland .",1,neutral,2,1,0,0,0,1,True,invented,,,
"Basware Corporation stock exchange release August 31 , 2010 at 16:25 Basware signed a large deal with an international industrial group Basware will deliver Invoice Automation solution and Connectivity Services to an international industrial group .",2,positive,1,0,0,0,0,0,False,,,,
"However , sales returned to growth in April-June 2010 , CEO Pekka Eloholma said .",2,positive,1,0,0,0,0,0,False,,,,
The total value of the deal is USD 29mn .,1,neutral,1,0,0,0,0,0,False,,,,
"Excluding non-recurring items , pre-tax profit surged 45 % to EUR80m .",2,positive,1,0,0,0,0,0,False,,,,
fi is developing cooperation in keyword advertising with Microsoft .,2,positive,1,0,0,0,0,0,False,,,,
Implementation of the project will be carried out by the Finnish company YIT in association with the investment fund Evli Property Investment Russia ( EPI ) .,1,neutral,1,0,0,0,0,0,False,,,,
"s business sectors are building construction , infrastructure construction and technical building services .",1,neutral,1,0,0,0,0,0,False,,,,
"Operating result , excluding one-off items , totaled EUR 9.1 mn compared to EUR 10.6 mn in continuing operations , excluding one-off items in 2004 .",0,negative,1,0,0,0,0,0,False,,,,
These module products will be available for trials during 3Q-07 and for volume deliveries during 4Q-07 .,1,neutral,1,0,0,0,0,0,False,,,,
Almost the entire office building will be occupied by Metso .,1,neutral,1,0,0,1,0,0,False,,,almost,
Lean System supports change management and component purchasing extremely well .,2,positive,1,0,0,0,0,0,False,,,,
"Besides , as there is no depositor preference in Finland , senior debt and deposits rank on a par , which is also taken into consideration , the agency added .",1,neutral,1,0,0,0,0,0,False,,,,
"Changes in the market situation and tougher price competition have substantially reduced demand for bread packaging manufactured at the Kauhava plant , according to the company .",0,negative,1,0,0,0,0,0,False,,,,
"Cencorp would focus on the development , manufacture and marketing of standard products for production automation .",1,neutral,1,0,0,0,0,0,False,,,,
"Helsinki-based Componenta bought Turkish listed company Doktas in October 2006 for 89 million euros , making it the largest Finnish investment in Turkey to date .",1,neutral,1,0,0,0,0,0,False,,,,
Altogether Finnair has canceled over 500 flights because of the strike .,0,negative,0,0,1,0,0,-1,True,,canceled,,
"The building will house , for example , Respecta Oy 's Jyvaskyla premises , as well as other companies to be announced later , says Samuel Koivisto , Director of Technopolis operations in Jyvaskyla .",1,neutral,1,0,0,0,0,0,False,,,,
Rapala Fishing Frenzy 2009 .,1,neutral,1,0,0,0,0,0,False,,,,
Latvia 's Stockmann shopping mall is a subsidiary of Finland 's Stockmann Plc. .,1,neutral,1,0,0,0,0,0,False,,,,
Short-term licenses for the games cost as little as $ 3 while purchasing a game outright can cost as much as $ 10 or $ 15 .,1,neutral,1,0,0,0,0,0,False,,,,
"According to the Finnish-Russian Chamber of Commerce , all the major construction companies of Finland are operating in Russia .",1,neutral,1,0,0,0,0,0,False,,,,
"Of these shares 29,659,239 are held by the Company or its group companies and the number of outstanding shares and voting rights attached to the shares thus amounts to 322,705,218 .",1,neutral,1,0,0,0,0,0,False,,,,
Margin call of Zanadvorov has given the chance to make such purchase under the credit of Deutsche Bank for USD 560 million .,1,neutral,1,0,0,0,0,0,False,,,,
"At the same time profit of the company increased by 10 % in H1 and reached Ls 79,000 .",2,positive,1,0,0,0,0,0,False,,,,
"This truly takes efficiency to new heights , '' Mr. Metso adds .",2,positive,2,1,0,0,0,1,True,efficiency,,,
Net sales in 2007 are expected to be 10 % up on 2006 .,2,positive,1,0,0,0,0,0,False,,,,
Raisio is the site of the main production plants as well as company headquarters .,1,neutral,1,0,0,0,0,0,False,,,,
"CapMan 's first real estate fund , which had a total investment capacity of ( EURO ) 500 million and closed in June 2005 , invested in commercial properties in the Helsinki metropolitan area .",1,neutral,1,0,0,0,0,0,False,,,,
BioTie North-American licensing partner Somaxon Pharmaceuticals started a phase II-III clinical study in patients suffering from pathological gambling and a pilot phase II study in nicotine addiction smoking cessation .,1,neutral,0,0,1,0,0,-1,True,,suffering,,
"The businesses to be divested offer dairy , edible fats , ready-meal and ice-cream packaging to multinational and local customers .",1,neutral,0,0,1,0,0,-1,True,,divested,,
"Weber convinced his friend Ray Ostrom , who owned a Lake Street sporting goods store , to sell the lures .",1,neutral,1,0,0,0,0,0,False,,,,
A few employees would remain at the Oulu plant in support functions for other group units .,1,neutral,1,0,0,0,0,0,False,,,,
"Finnish pharmaceuticals company Orion reports profit before taxes of EUR 70.0 mn in the third quarter of 2010 , up from EUR 54.9 mn in the corresponding period in 2009 .",2,positive,1,0,0,0,0,0,False,,,,
Net sales of the Lehdentekijat unit was approximately EUR 14 million in 2007 and it had 70 employees .,1,neutral,1,0,0,1,0,0,False,,,approximately,
Diluted loss per share stood at EUR 0.15 versus EUR 0.26 .,2,positive,0,0,1,0,0,-1,True,,loss,,
"The company will publish its financial statement for 2008 on February 25 , 2009 .",1,neutral,1,0,0,0,0,0,False,,,,
"According to Gran , the company has no plans to move all production to Russia , although that is where the company is growing .",1,neutral,1,0,0,0,0,0,False,,,,
"The shares shall be repurchased through public trading , for which reason the shares are repurchased otherwise than in proportion to the holdings of the shareholders .",1,neutral,1,0,0,0,0,0,False,,,,
"Operating margin , however , slipped to 14.4 % from 15.1 % , dragged down by a poor performance in enterprise solutions .",0,negative,0,0,1,0,0,-1,True,,poor,,
The contract is for next year .,1,neutral,1,0,0,0,0,0,False,,,,
"The Filter Tips cover the volume range from 0.1-1200 -Ál including new sizes for 10 , 20 , 100-120 , 200 , 300 , 1000 and 1200 -Ál volume capacities .",1,neutral,1,0,0,0,0,0,False,,,,
"Liquid handling products include electronic and mechanical pipettes , disposable tips as well as pipette maintenance and calibration services for research institutions , healthcare and industrial laboratories .",1,neutral,1,0,0,0,0,0,False,,,,
It will provide heating in the form of hot water for the sawmill 's needs .,1,neutral,1,0,0,0,0,0,False,,,,
Acquisitions have been made and businesses have been well integrated .,2,positive,1,0,0,0,0,0,False,,,,
The solid fuel is heated before sludge is mixed therein . '',1,neutral,1,0,0,0,0,0,False,,,,
The organization that is a member of the Russian auto sector union MPRA has become active since Tikkurila acquired Russian paint company Kraski Teks in 2006 .,1,neutral,1,0,0,0,0,0,False,,,,
The company reports a loss for the period of EUR 0.4 mn compared to a loss of EUR 1.9 mn in the corresponding period in 2005 .,2,positive,0,0,2,0,0,-2,True,,loss; loss,,
The agreement includes the entire process of managing Mercator 's supply chain in all regions where the company is currently present .,1,neutral,1,0,0,0,0,0,False,,,,
"Cramo Plc is a service company specialising in construction machinery and equipment rental and rental-related services , as well as rental and sale of modular space .",1,neutral,1,0,0,0,0,0,False,,,,
"The contracts of the employees , 96 of whom are blue-collar workers , will be ended between March and August 2011 .",0,negative,1,0,0,0,0,0,False,,,,
"Combined with the Basware Enterprise Purchase to Pay portfolio , it provides a high level of automation for procurement and invoice workflows .",1,neutral,1,0,0,0,0,0,False,,,,
"The Committee proposes the following remuneration : a monthly remuneration of EUR 5,000 for the Chairman , EUR 3,500 for the Deputy Chairman , and EUR 2,500 for the other Board members .",1,neutral,1,0,0,0,0,0,False,,,,
"`` The change will optimize the operational efficiencies of our growing business , '' said Julia Prohaska , director of marketing communications for Fiskars .",2,positive,2,1,0,0,0,1,True,efficiencies,,,
"`` In terms of profitability and earnings 2007 was the best year in our history , '' Chief Executive Veli-Matti Mattila said .",2,positive,2,2,0,0,0,2,True,profitability; best,,,
"The company was supposed to deliver machinery to a veneer mill in the Tomsk region , in Russia .",1,neutral,1,0,0,0,0,0,False,,,,
"The markets are almost completely controlled by three banks : Nordea , OP Bank Group , and Sampo .",1,neutral,1,0,0,1,0,0,False,,,almost,
"A total of 16.5 mn passenger ship journeys took place in the northern Baltic Sea in 2007 , slightly down from 16.5 mn in 2006 .",0,negative,1,0,0,0,0,0,False,,,,
"Finnish textiles and clothing group Marimekko Oyj posted a net profit of 7.99 mln euro $ 10.4 mln for 2006 , compared to 8.4 mln euro $ 10.9 mln for 2005 .",0,negative,1,0,0,0,0,0,False,,,,
"Besides , Pit-Produkt will enter the new segments .",1,neutral,1,0,0,0,0,0,False,,,,
"Poyry is a global consulting and engineering firm focusing on the energy , forest industry and infrastructure & environment sectors .",1,neutral,1,0,0,0,0,0,False,,,,
Filmiteollisuus Fine Ab will be transferred to Talentum Oyj in the form of a subsidiary .,1,neutral,1,0,0,0,0,0,False,,,,
"If the employee leaves the company within the duration of the cover , the money invested to ensure commitment is returned to the company .",1,neutral,1,0,0,0,1,0,False,,,,commitment
"The Costanza light , with an aluminum base and washable shade , comes in white , pistachio , orange , blue and red .",1,neutral,1,0,0,0,0,0,False,,,,
"Los Angeles-based Pacific Office Properties Trust acquires , owns , and operates office properties in the western U.S. , focusing initially on the markets of Honolulu , San Diego , Los Angeles , and Phoenix .",1,neutral,1,0,0,0,0,0,False,,,,
"The new apartment block is going up very close to the city center , explained Chairman of the Board of AS YIT Ehitus Priit Sauk .",1,neutral,1,0,0,0,0,0,False,,,,
The total project duration is three years and it is valued at some EUR11 .5 m.,1,neutral,1,0,0,0,0,0,False,,,,
It includes options for additional 30 communal building sites as well as construction supervision works for all construction sites .,1,neutral,1,0,0,0,0,0,False,,,,
Marathon estimates the value of its remaining stake in Protalix at $ 27 million .,1,neutral,1,0,0,0,0,0,False,,,,
The number of magazine and newspaper readers remained unchanged .,1,neutral,1,0,0,0,0,0,False,,,,
"In addition to the Tulikivi Corporation , he is also currently a member of the Board of the following companies : Altia Corporation , J+ñrvi-Suomen Portti Osuuskunta , Osuuskunta KPY , Profile Vehicles Oy and Voimatel Oy .",1,neutral,1,0,0,0,0,0,False,,,,
The policy was also aimed at making the companies more profitable and competitive .,2,positive,2,1,0,0,0,1,True,profitable,,,
"About 36 % of this came from Aspo Chemicals , 39 % from Aspo Shipping and 25 % from Aspo Systems .",1,neutral,1,0,0,0,0,0,False,,,,
"Some of the most recent technology deliveries include refinery technology to Anrak Aluminium , an iron ore pelletizing plant to Tata Steel and iron ore sintering plants to Bhushan Steel .",1,neutral,1,0,0,0,0,0,False,,,,
The value of the order is EUR 4mn .,1,neutral,1,0,0,0,0,0,False,,,,
South African Sappi will become the largest foreign forest industry company operating in Finland as a result of the acquisition Finnish M-real Corporation 's Graphic Papers Business unit .,2,positive,1,0,0,0,0,0,False,,,,
Alfa group will have 43.9 % of voting stock in the new company and Telenor 35.4 % with a free float of 20.7 % .,1,neutral,1,0,0,0,0,0,False,,,,
Neste Shipping is the most likely to remain Finnish as the oil sector and its transports are significant for emergency supply .,1,neutral,1,0,0,0,0,0,False,,,,
"In January-September 2007 , operating profit totaled EUR 20.5 mn .",1,neutral,1,0,0,0,0,0,False,,,,
"Both operating profit and sales for the three-month period increased , respectively from EUR0 .3 m and EUR13 .1 m , as compared to the corresponding period in 2005 .",2,positive,1,0,0,0,0,0,False,,,,
Operating profit for 2009 lower than outlook published earlier .,0,negative,1,0,0,0,0,0,False,,,,
"HELSINKI (Thomson Financial)- Kemira GrowHow swung into profit in its first quarter earnings on improved sales , especially in its fertilizer business in Europe , which is normally stronger during the first quarter .",2,positive,2,2,0,0,0,2,True,improved; stronger,,,
Other potential clients include public administration organizations investing in utility networks and services .,1,neutral,1,0,0,0,0,0,False,,,,
"Food sales totalled EUR 323.5 mn in October 2009 , representing a decrease of 5.5 % from October 2008 .",0,negative,1,0,0,0,0,0,False,,,,
The company also equipped the sculptural complex Rabochy i Kolkhoznitsa A Worker and a Collective Farmer in Moscow with snow melting system .,1,neutral,1,0,0,0,0,0,False,,,,
"Latin America currently accounts for approximately 40 % of sales at Tecnotree , company president and CEO Eero Mertano recently told BNamericas .",1,neutral,1,0,0,1,0,0,False,,,approximately,
"The 50-50 joint venture , to be called Nokia Siemens Networks , will be comprised of Nokia 's network business group and Siemens ' carrier-related operations , creating estimated synergies of 1.5 billion euros ( $ 1.9 billion ) by 2010 , Nokia said .",2,positive,1,0,0,0,0,0,False,,,,
Return on investment ROI was 4.1 % compared to 43.8 % in the first half of 2008 .,0,negative,1,0,0,0,0,0,False,,,,
The proposal of the shareholders to elect Mr. Hannu Krogerus to the Board is based on his long and unrivalled experience and knowledge of all matters related to Elcoteq .,1,neutral,1,0,0,0,0,0,False,,,,
Operating profit rose to EUR 4.7 mn from EUR 4.6 mn .,2,positive,1,0,0,0,0,0,False,,,,
"It is being developed by Symbian , the software licensing consortium led by Nokia .",1,neutral,1,0,0,0,0,0,False,,,,
"At the same time , the market for automated liquid handling devices is already larger than that for pipettes , according to Biohit .",1,neutral,1,0,0,0,0,0,False,,,,
Finnish handling systems company Cargotec Oyj ( HEL : CGCBV ) said today that it won a EUR 13 million ( USD 16.6 m ) contract to deliver MacGregor hatch covers for ships ordered by Norwegian shipowner Grieg Shipping .,2,positive,1,0,0,0,0,0,False,,,,
"Aldata Solution , a global company engaged in supplier to consumer business process optimization , has announced the details of its Dollars for Dinosaurs program .",1,neutral,1,0,0,0,0,0,False,,,,
"According shipping company Viking Line , the EU decision will have a significant financial impact .",1,neutral,1,0,0,0,0,0,False,,,,
The online ice chart shows no ice in the area of Estonia 's sea ports on the coast of the Gulf of Finland .,1,neutral,1,0,0,0,0,0,False,,,,
"Price talk is in the mid-market swaps plus 105 bps area and the leads are Barclays , BNPP , UBS and CBA .",1,neutral,1,0,0,0,0,0,False,,,,
"France T+®l+®com spent more time studying TeliaSonera than other potential takeover targets because it has a shareholder that wants to sell , Pellissier said .",1,neutral,1,0,0,0,0,0,False,,,,
"The share capital of Basware Corporation is 11,720,829 .",1,neutral,1,0,0,0,0,0,False,,,,
Salcomp Manufacturing Oy will pay EUR 35 million in cash to Salcomp in connection with the implementation of the sale and transfer of the Business .,1,neutral,1,0,0,0,0,0,False,,,,
Aspo 's net sales in 2006 totaled EUR 225.9 million .,1,neutral,1,0,0,0,0,0,False,,,,
"The sale will result in a capital loss of EUR5m for Solidium , which obtained Tikkurila shares in March 2010 .",0,negative,0,0,1,0,0,-1,True,,loss,,
"Currently , the plant operates on full capacity .",1,neutral,1,0,0,0,0,0,False,,,,
"In 2006 , TeliaSonera net sales were SEK 91 bn , EBITDA was SEK 32.266 bn , net income was SEK 19.28 bn .",1,neutral,1,0,0,0,0,0,False,,,,
"Operating profit was EUR 139.7 mn , up 23 % from EUR 113.8 mn .",2,positive,1,0,0,0,0,0,False,,,,
"`` After the share purchase is completed , financing will also be provided to expand Latvia 's broadband infrastructure and to develop new areas of business , including acquisitions of other companies . ''",2,positive,1,0,0,0,0,0,False,,,,
"With the U.S. Federal Government putting a stake in the ground , vendors - and their customers - are focused on meeting the deadline .",1,neutral,1,0,0,0,0,0,False,,,,
Two of these contracts are for turntable anode vibrocompactors that will be delivered to Gansu Hualu Aluminum Co Ltd and another unnamed costumer .,1,neutral,1,0,0,0,0,0,False,,,,
"However , the net sales declined to EUR 803.6 million from EUR 1.2 billion .",0,negative,0,0,1,0,0,-1,True,,declined,,
M-real 's sales are expected to have increased by 4 % year-on-year to EUR609m in the second quarter of 2010 .,2,positive,1,0,0,0,0,0,False,,,,
"Finnish real estate company Sponda Oyj said on April 11 , 2008 it would build Vuosaari Harbour Service Center at the Port of Helsinki .",1,neutral,1,0,0,0,0,0,False,,,,
"Profit for the period totaled EUR 39.4 mn , up from EUR 33.9 mn in the corresponding period in 2006 .",2,positive,1,0,0,0,0,0,False,,,,
"The prosecutor is also demanding Outokumpu pay a fine of EUR 800,000 at most .",0,negative,1,0,0,0,0,0,False,,,,
Loss after taxes amounted to EUR 1.2 mn compared to a loss of 2.6 mn .,2,positive,0,0,2,0,0,-2,True,,loss; loss,,
"The train is expected to cross the Russian territory in 9 days , reaching the Vostochny port .",1,neutral,1,0,0,0,0,0,False,,,,
Terms of the acquisition were not disclosed .,1,neutral,2,1,0,0,0,1,True,disclosed[NEGATED_NEGATIVE],,,
Recently the company decided to build a second identical plant at the same site due to be commissioned toward the end of 2008 .,1,neutral,1,0,0,0,0,0,False,,,,
"The company has decided to stop the operations of Ruukki Construction Division in Latvia and Lithuania , and concentrate the production and logistics in Parnu , Estonia in 2009 .",1,neutral,1,0,0,0,0,0,False,,,,
The commission said the hydrogen peroxide and PBS market was worth about 470 million euros in 2000 .,1,neutral,1,0,0,0,0,0,False,,,,
"In the second quarter of 2009 , net sales through operator business partners represented 47 % of the Group 's total net sales .",1,neutral,1,0,0,0,0,0,False,,,,
"The airline has ordered nine Airbus A350-900 aircraft with deliveries from 2011 , and in doing so becomes the lead airline for the latest variant of Rolls-Royce Trent series engines , called the 1700 .",2,positive,1,0,0,1,0,0,False,,,variant,
"The total floor area of the plant expansion is 29,000 square metres .",1,neutral,1,0,0,0,0,0,False,,,,
"4 February 2011 - Finnish broadband data communication systems provider Teleste Oyj HEL : TLT1V said Wednesday its net profit rocketed to EUR4 .8 m in 2010 from EUR416 ,000 in 2009 and it lifted its dividend proposal .",2,positive,1,0,0,0,0,0,False,,,,
"Clothing retail chain Sepp+ñl+ñ 's sales increased by 8 % to EUR 155.2 mn , and operating profit rose to EUR 31.1 mn from EUR 17.1 mn in 2004 .",2,positive,1,0,0,0,0,0,False,,,,
Sales of mid-strength beer decreased by 40 % .,0,negative,2,1,0,0,0,1,True,strength,,,
"Founded in 1923 , Finnair is one of the world 's oldest airlines and flies to 60 destinations with a fleet of 63 aircraft , employing 9,500 people .",1,neutral,1,0,0,0,0,0,False,,,,
"The fair value of the investment properties totaled EUR 2,534.9 mn , up from EUR 2,455.1 mn in 2006 .",2,positive,1,0,0,0,0,0,False,,,,
"Seven-month sales of Ragutis , which is controlled by the Finnish brewery Olvi , declined by 11.2 percent , to 15.41 million liters , and the company held 9.89 percent of the market .",0,negative,0,0,1,0,0,-1,True,,declined,,
"In the fourth quarter of 2008 , net sales decreased to EUR 121.4 mn from EUR 165.5 mn in the fourth quarter of 2007 .",0,negative,1,0,0,0,0,0,False,,,,
"Fortum needs a clear signal of commitment from the Government that the permit is available before the company will start the next round , Kuula says .",1,neutral,1,0,0,0,1,0,False,,,,commitment
The volume of investments in the two phases of the project is estimated at USD 300mn ( EUR 215.03 mn ) .,1,neutral,1,0,0,0,0,0,False,,,,
Net sales fell by 5 % from the previous accounting period .,0,negative,1,0,0,0,0,0,False,,,,
Finnish department store chain Stockmann Oyj Abp net profit rose to 39.8 mln euro ( $ 56.8 mln ) for the first nine months of 2007 from 37.4 mln euro ( $ 53.4 mln ) for the same period of 2006 .,2,positive,1,0,0,0,0,0,False,,,,
"Operating profit was EUR 24.5 mn , up from EUR 23.0 mn .",2,positive,1,0,0,0,0,0,False,,,,
Finnish elevators and escalators maker KONE Corporation said on Tuesday ( 18 March ) that it has received a major order from Sir Robert McAlpine to supply all elevators and escalators for the Watermark Place project in the City of London .,2,positive,1,0,0,0,0,0,False,,,,
Elektrobit ( EB ) has renewed its IT infrastructure contract with ICT services provider Fujitsu Services for EB 's Patja service .,2,positive,1,0,0,0,0,0,False,,,,
"In the financial statement for the first quarter of 2010 , Tikkurila is reported under discontinued operations .",1,neutral,0,0,1,0,0,-1,True,,discontinued,,
Competition authorities will have to approve the deal before it can be finalized .,1,neutral,1,0,0,0,0,0,False,,,,
Rautaruukki aims to find work from the group 's other locations for those who have been made redundant .,1,neutral,1,0,0,0,0,0,False,,,,
"A total of 131000 Talvivaara Mining Company Plc 's new shares were subscribed for during the period between May 1 , 2010 and June 30 , 2010 under the company 's stock option rights 2007A .",1,neutral,1,0,0,1,0,0,False,,,may,
"Panostaja owns a 68.77 pct of share capital and the voting rights of Suomen Helasto shares following an exchange of shares which was carried out on May 30 , 2007 .",1,neutral,1,0,0,1,0,0,False,,,may,
"The payment date is March 25 , 2010 .",1,neutral,1,0,0,0,0,0,False,,,,
`` We could be there .,1,neutral,1,0,0,1,0,0,False,,,could,
"The cooperation will involve Arena Partners buying a 35 % share of the new joint venture company , operating in Alma Media 's home sales , vehicle and consumer advertising marketplace businesses .",1,neutral,1,0,0,0,0,0,False,,,,
"Mika Stahlberg , VP F-Secure Labs , said , `` We are excited and proud that F-Secure has been recognized by AV-Comparatives as the Product of the Year .",2,positive,2,1,0,0,0,1,True,excited,,,
Pretax profit decreased by 37 % to EUR 193.1 mn from EUR 305.6 mn .,0,negative,1,0,0,0,0,0,False,,,,
LSC 's 30 employees will move to Ixonos with their existing status and benefits .,1,neutral,1,0,0,0,0,0,False,,,,
"At the end of the review period , Nordic Aluminium 's order book stood at EUR 8.77 mn compared to EUR 7.04 in 2005 .",2,positive,1,0,0,0,0,0,False,,,,
"Investors will continue being interested in the company 's share although it is not quite cheap , Affarsvarlden said .",2,positive,1,0,0,0,0,0,False,,,,
"The EBRD is using its own funds to provide a 21.6 mln A loan while the B portion of 10 mln Euros has been syndicated to two Finnish commercial banks , Nordea Bank Finland Plc 7.7 mln Euros and Pohjola Bank Plc 2.3 mln Euros .",1,neutral,1,0,0,0,0,0,False,,,,
"Neste Oil s refineries have a combined crude oil refining capacity of approximately 260,000 barrels a day .",1,neutral,1,0,0,1,0,0,False,,,approximately,
"The bond , with a maturity of five years , is part of the bank 's domestic bond program .",1,neutral,1,0,0,0,0,0,False,,,,
"Dopplr members share personal and business travel plans privately with their networks , and highlight interesting places to stay , eat and explore in cities around the world .",1,neutral,1,0,0,0,0,0,False,,,,
"Metsa-Botnia will finance the payment of dividends , the repayment of capital and the repurchase of its own shares with the funds deriving from its divestment of the Uruguay operations , and shares in Pohjolan Voima , and by utilising its existing financing facilities .",1,neutral,0,0,1,0,0,-1,True,,divestment,,
"Investments span across various product and investment types , including retail , hospitality , office , and residential , with interests in real-estate portfolios , non-performing loans and corporate restructurings .",1,neutral,0,0,1,0,0,-1,True,,restructurings,,
"Glaston 's own glass processing unit , Tamglass Glass Processing , is a manufacturer of high quality safety glass products , and operates in Finland .",1,neutral,1,0,0,0,0,0,False,,,,
20 October 2010 - Finnish metal products company Componenta Oyj HEL : CTH1V said yesterday that its net loss narrowed to EUR7m for the first nine months of 2010 from EUR23 .3 m for the same period of 2009 .,2,positive,0,0,1,0,0,-1,True,,loss,,
Kaupthing Bank will publish its annual results for 2007 before markets open on Thursday 31 January .,1,neutral,1,0,0,0,0,0,False,,,,
The value of the orders is about EUR 25mn .,1,neutral,1,0,0,0,0,0,False,,,,
"Finnish shipping company Finnlines , of the Grimaldi Group , reports its net sales decreased to EUR 241.8 mn in January-June 2009 from EUR 384.0 mn in the corresponding period in 2008 .",0,negative,1,0,0,0,0,0,False,,,,
The planned ethanol and energy production plant can operate in correlation with a waste treatment unit or a paper mill .,1,neutral,1,0,0,0,0,0,False,,,,
Sales rose to 300.9 mln eur compared with last year 's 276.1 mln eur and in line with 299 mln eur consensus figure .,2,positive,1,0,0,0,0,0,False,,,,
EBIT margin was up from 1.4 % to 5.1 % .,2,positive,1,0,0,0,0,0,False,,,,
"On preliminary estimate , the hotel will operate under the brand Novotel .",1,neutral,1,0,0,1,0,0,False,,,preliminary,
Solidium now holds 5.0 per cent of the shares Solidium Oy has acquired 5.0 per cent of the shares in Tieto Corporation for approximately EUR 58 million .,1,neutral,1,0,0,1,0,0,False,,,approximately,
"Tikkurila Powder Coatings has some 50 employees at its four paint plants , which generated revenues of EUR2 .4 m USD3 .3 m in 2010 .",1,neutral,1,0,0,0,0,0,False,,,,
"The company also appointed Leif Rosen head of the Special Plate unit which includes the quarto plate units in Degerfors , Sweden , and New Castle , USA , the unit in Willich , Germany , as well as Pressplate and Prefab in Avesta and Plate Service Centre Nordic in Degerfors .",1,neutral,1,0,0,0,0,0,False,,,,
"The share capital of Alma Media Corporation business ID 1944757-4 is EUR 44,767,513.80 and it is divided into 74,612,523 shares .",1,neutral,1,0,0,0,0,0,False,,,,
"According to Atria 's President and CEO Matti Tikkakoski , the company 's Swedish operations significantly improved in the first quarter .",2,positive,2,1,0,0,0,1,True,improved,,,
Operating profit rose to EUR 27.8 mn from EUR 17.5 mn in 2008 .,2,positive,1,0,0,0,0,0,False,,,,
The company 's net sales in 2010 totalled MEUR 311.4 with an operating margin of 13.9 per cent .,1,neutral,1,0,0,0,0,0,False,,,,
"When this investment is in place , Atria plans to expand into the Moscow market .",1,neutral,1,0,0,0,0,0,False,,,,
The company said that sales in the three months to the end of March slid to EUR86 .4 m US$ 113.4 m from EUR91 .2 m last year .,0,negative,1,0,0,0,0,0,False,,,,
Juha-Pekka Weckstr+Âm has been appointed President of telecom group TeliaSonera Finland to succeed Esa Rautalinko .,1,neutral,2,1,0,0,0,1,True,succeed,,,
"This will be done domestically and in neighboring markets , both organically and through acquisitions .",1,neutral,1,0,0,0,0,0,False,,,,
The robust growth was the result of the inclusion of clothing chain Lindex in the Group in December 2007 .,2,positive,1,0,0,0,0,0,False,,,,
Sanoma News ' advertising sales decreased by 22 % during the year .,0,negative,1,0,0,0,0,0,False,,,,
The company reported today an operating loss of EUR0 .1 m on net sales of EUR4 .5 m for the first quarter 2008 .,0,negative,0,0,1,0,0,-1,True,,loss,,
"Foundries division reports its sales increased by 9.7 % to EUR 63.1 mn from EUR 57.5 mn in the corresponding period in 2006 , and sales of the Machine Shop division increased by 16.4 % to EUR 41.2 mn from EUR 35.4 mn in the corresponding period in 2006 .",2,positive,1,0,0,0,0,0,False,,,,
Pharmaceuticals - Spain This brand-new market analysis gives a clear overview of the actual situation and future outlook of the pharmaceutical market in Spain .,1,neutral,1,0,0,0,0,0,False,,,,
Relations with the City have been further damaged by comments from Mr Ashley criticising City investors and analysts as `` cry babies '' .,0,negative,0,0,1,0,0,-1,True,,damaged,,
"Target company : Tieto Corporation , Business Identity Code : 0101138-5 Date of change in holding : 22 January 2010 Portion of the shares and votes : The current group holding of OP-Pohjola Group Central Cooperative ( OPK ) is 2982 587 shares , which represents 4.14 % of the shares and voting rights .",1,neutral,1,0,0,0,0,0,False,,,,
Jon Risfelt is 49 years old holds a Master of Science in Chemical Engineering from the Swedish Royal Institute of Technology .,1,neutral,1,0,0,0,0,0,False,,,,
Sunrise Resources operates in Russian near-shore development markets through its wholly-owned Russian subsidiary and has 80 % of its personnel in Russia .,1,neutral,1,0,0,0,0,0,False,,,,
Net sales grew in the period to  x20ac 402 million $ 585US million from  x20ac 401 million in 2006 .,2,positive,1,0,0,0,0,0,False,,,,
To be number one means creating added value for stakeholders in everything we do .,1,neutral,1,0,0,0,0,0,False,,,,
"Dealers said the share was largely hit by investor disappointment about a refining margin of just 9.48 usd per barrel for the quarter and the performance of its shipping unit , which saw EBIT drop to 5 mln eur from 20 mln eur a year amid a fall in volumes and tanker rates .",0,negative,0,0,1,0,0,-1,True,,disappointment,,
"Since the registration of the shares subscribed in a directed share issue , the new number of Panostaja shares and voting rights is 41,733,110 .",1,neutral,1,0,0,0,0,0,False,,,,
"Full-year net sales are expected to increase by approximately 10 % , the company said .",2,positive,1,0,0,1,0,0,False,,,approximately,
"Net interest income was EUR 39.3 mn , up from EUR 32.7 mn .",2,positive,1,0,0,0,0,0,False,,,,
"Previously , the company anticipated its operating profit to improve over the same period .",2,positive,2,1,0,1,0,1,True,improve,,anticipated,
"Finnish electronics contract manufacturer Scanfil reports net sales of EUR 241.2 mn in 2006 , down from EUR 321.6 mn in 2005 .",0,negative,1,0,0,0,0,0,False,,,,
"Lassila & Tikanoja 's operating profit excluding non-recurring and imputed items for the second quarter was EUR11 .3 m , down from EUR13 .8 m a year ago .",0,negative,1,0,0,0,0,0,False,,,,
Mobile communication and wireless broadband provider Nokia Inc NYSE : NOK today set new financial targets and forecasts for Nokia and the mobile device industry and also for Nokia Siemens Networks and the mobile and fixed infrastructure and related services market .,1,neutral,1,0,0,0,0,0,False,,,,
"The company designs and manufactures high-quality clothing , interior decoration textiles , bags , and other accessories .",1,neutral,1,0,0,0,0,0,False,,,,
"Operating profit totalled EUR 5.8 mn , up from a loss of EUR 1.7 mn in the fourth quarter of 2009 .",2,positive,0,0,1,0,0,-1,True,,loss,,
Below are unaudited consolidated results for Aspocomp Group under IFRS reporting standards .,1,neutral,1,0,0,0,0,0,False,,,,
Changes to the as-built models from the design were communicated to the subcontractors to accommodate them into the steel and GRC glass reinforced concrete fabrication process .,1,neutral,1,0,0,0,0,0,False,,,,
"Finnish Kemira 's net sales EUR decreased to EUR 1,259.6 mn in January-June 2009 from EUR 1,425.1 mn in January-June 2008 .",0,negative,1,0,0,0,0,0,False,,,,
"The hosting mobile terminal guides information flow between itself , the participating terminals , and optionally , with network servers that may assist the hosting mobile terminal .",1,neutral,1,0,0,1,0,0,False,,,may,
"Presentation materials will be posted on the company 's website : www.seahawkdrilling.com in the `` Investor Relations '' section , on the `` Webcast & Presentations '' tab .",1,neutral,1,0,0,0,0,0,False,,,,
Finnish Talvivaara Mining Co HEL : TLV1V said Thursday it had picked BofA Merrill Lynch and JPMorgan NYSE : JPM as joint bookrunners of its planned issue of convertible notes worth up to EUR250m USD332m .,1,neutral,1,0,0,0,0,0,False,,,,
"On Dec. 1 , Grimaldi acquired 1.5 million shares and a 50.1-percent stake in Finnlines .",1,neutral,1,0,0,0,0,0,False,,,,
Major Order in India Comptel Corporation has received a significant long-term order for mediation and provisioning solutions being used by a leading operator in India .,2,positive,2,1,0,0,0,1,True,leading,,,
"Meanwhile , Alfa owns 25.1 % of MegaFon through Altimo , and 4.99 % of Turkcell via an 18.5 % stake in Cukurova Holding .",1,neutral,1,0,0,0,0,0,False,,,,
Mr. Kari Stadigh will carry on as Chairman of the Board and Mr. Matti Arteva as Vice-Chairman .,1,neutral,1,0,0,0,0,0,False,,,,
"Finnish power supply solutions and systems provider Efore Oyj said its net loss widened to 3.2 mln euro $ 4.2 mln for the first quarter of fiscal 2006-2007 ending October 31 , 2007 from 900,000 euro $ 1.2 mln for the same period of fiscal 2005-06 .",0,negative,0,0,1,0,0,-1,True,,loss,,
"Mr. McDonald started the evening with his own set , featuring hits from his solo career and his Doobie Brothers years and a selection of R&B cover songs that met with mixed results .",1,neutral,1,0,0,0,0,0,False,,,,
"`` Overall , we 're pleased with the startup curve ... and we 're pleased with the quality of the paper , '' Stora spokeswoman Patricia Dietz said Tuesday .",2,positive,2,2,0,0,0,2,True,pleased; pleased,,,
According to an  posted by the World Intellectual Property Organization : `` The present invention relates to hydrocarbons and particularly to the manufacture of hydrocarbon components suitable as aviation fuels or jet fuels and as blending stocks for aviation fuels .,1,neutral,2,1,0,0,0,1,True,invention,,,
"SRV will also build an aqua park with wellness area , a restaurant and a multifunctional ice arena .",1,neutral,1,0,0,0,0,0,False,,,,
The EPS improved to EUR0 .38 from EUR0 .27 .,2,positive,2,1,0,0,0,1,True,improved,,,
"Agricultural newspaper Maaseudun Tulevaisuus had 318,000 readers , representing a decrease of 6 % .",0,negative,1,0,0,0,0,0,False,,,,
Why put up costly cell phone towers in thinly populated areas when a few balloons would do ?,1,neutral,0,0,1,0,0,-1,True,,costly,,
"When completed , the 120-meter Watchtower will be the highest building in Ireland .",1,neutral,2,1,0,0,0,1,True,highest,,,
"The negotiations concern personnel of Cencorp Corporation and Singulase Oy as whole in Finland and in Sweden , the company said .",1,neutral,0,0,1,0,0,-1,True,,concern,,
The estimated value of the deal is USD 9.2 million .,1,neutral,1,0,0,0,0,0,False,,,,
Officials did not disclose the contract value .,1,neutral,2,1,0,0,0,1,True,disclose[NEGATED_NEGATIVE],,,
Operating profit increased by 145.1 % to EUR 8.3 mn from EUR 3.4 mn .,2,positive,1,0,0,0,0,0,False,,,,
Okmetic has used the furnaces for the contract manufacturing of solar crystals .,1,neutral,1,0,0,0,0,0,False,,,,
"After non-recurring items of EUR 177mn , profit amounted to EUR 20mn .",1,neutral,1,0,0,0,0,0,False,,,,
The credit covers approximately 70 % of the ship 's price .,1,neutral,1,0,0,1,0,0,False,,,approximately,
The group reiterated its forecast that handset manufacturers will sell around 915 mln units this year globally .,1,neutral,1,0,0,0,0,0,False,,,,
Finnish Aktia Group 's operating profit rose to EUR 17.5 mn in the first quarter of 2010 from EUR 8.2 mn in the first quarter of 2009 .,2,positive,1,0,0,0,0,0,False,,,,
A paper mill in the central Maine town of Madison soon will have a new owner .,1,neutral,1,0,0,0,0,0,False,,,,
`` Stonesoft sees great promise in the future of IPv6 .,2,positive,1,0,0,0,0,0,False,,,,
"At 1411 CET , ArcelorMittal had lost 7.26 % to EUR 17.38 on Euronext Paris , coming at the lead of the blue-chip fallers .",0,negative,0,0,1,0,0,-1,True,,lost,,
"The Dutch broker noted that Nokian Tyres reported a good first quarter in 2006 , above or in line with consensus .",2,positive,2,1,0,0,0,1,True,good,,,
`` The new unit is a major investment in the Finnish media scene .,1,neutral,1,0,0,0,0,0,False,,,,
Around 250 of these reductions will be implemented through pension arrangements .,1,neutral,1,0,0,0,0,0,False,,,,
The negotiations concern 246 salaried and senior salaried employees and are scheduled to be completed in six weeks .,1,neutral,0,0,1,0,0,-1,True,,concern,,
"The product advisory does not apply to any other Nokia-branded battery , the company said .",1,neutral,1,0,0,0,0,0,False,,,,
`` The issues identified by Stonesoft affect a range of content inspection technology .,1,neutral,1,0,0,0,0,0,False,,,,
"F-Secure , a developer of security solutions as a service through Internet Service Providers and mobile operators , announced results from its annual Online Wellbeing Survey .",1,neutral,1,0,0,0,0,0,False,,,,
The acquisition will have an immediate positive impact on Aspocomp 's financial result .,2,positive,2,1,0,0,0,1,True,positive,,,
Why not subscribe to the magazine ?,1,neutral,1,0,0,0,0,0,False,,,,
The bank VTB24 provides mortgage loans to buy apartments in the complex at 11-13 % per annum in rubles .,1,neutral,1,0,0,0,0,0,False,,,,
Strong growth has continued also in China .,2,positive,2,1,0,0,0,1,True,strong,,,
"rosendal at outotec.com Eila Paatela , Vice President - Corporate Communications tel. +358 20 529 2004 , +358 400 817198 e-mail eila .",1,neutral,1,0,0,0,0,0,False,,,,
"The company 's scheduled traffic , measured in revenue passenger kilometres RPK , grew by just over 2 % and nearly 3 % more passengers were carried on scheduled flights than in February 2009 .",2,positive,1,0,0,1,0,0,False,,,nearly,
The first group of customers to be trained will be paint-shop owners and their assistants .,1,neutral,1,0,0,0,0,0,False,,,,
"According to the company , in addition to normal seasonal fluctuation the market situation has weakened during autumn 2008 .",0,negative,0,0,1,1,0,-1,True,,weakened,fluctuation,
"In Middle East & North Africa , Tecnotree has grown considerably in the recent years .",2,positive,1,0,0,0,0,0,False,,,,
"The financial impact is estimated to be some 1.5 MEUR annual improvement in the division 's result , starting from fiscal year 2007 .",2,positive,2,1,0,0,0,1,True,improvement,,,
"The ship cranes , which will be manufactured by MacGREGOR 's partner plants in China , will be delivered between 2008-2010 for vessels ordered by Chinese COSCO , German Peter Dohle and Hong Kong based Cido Shipping .",1,neutral,1,0,0,0,0,0,False,,,,
"The maximum obligated total trades per day is ISK 400,000,000 market value .",1,neutral,1,0,0,0,1,0,False,,,,obligated
`` We are pleased with the efforts of both negotiating teams and look forward to a productive four years ahead . '',2,positive,2,1,0,0,0,1,True,pleased,,,
"The world of glass is coming to Egypt and we invite Visitors from all around the world to attend Glass World Exhibition 2009 , Register Now at www.glassworldex.com",1,neutral,1,0,0,0,0,0,False,,,,
"Following the divestment , Fiskars 's Outdoor unit will comprise the brands Gerber , Silva and Buster , and will focus on multi-tools , knives , compasses , mobile lighting , pedometers , and aluminium boats .",1,neutral,0,0,1,0,0,-1,True,,divestment,,
"In sales volume , Coca-Cola 's market share has decreased by 2.2 % to 24.2 % .",0,negative,1,0,0,0,0,0,False,,,,
"Finnish IT solutions provider Affecto Oyj said today that it has won a frame contract , valued at some EUR2m , to implement the next phase of its insurance application for South African Mutual & Federal Insurance Company Limited M&F .",2,positive,1,0,0,0,0,0,False,,,,
"In 2007 , the Group 's net sales stood at EUR 42 million and it had about 1,445 employees .",1,neutral,1,0,0,0,0,0,False,,,,
"Outotec said it won new orders worth 492.9 mln eur during the quarter , compared with 240.4 mln eur a year earlier .",2,positive,1,0,0,0,0,0,False,,,,
Net interest income increased by 4.5 % to EUR 31.4 mn from EUR 30.0 mn in 2004 .,2,positive,1,0,0,0,0,0,False,,,,
The rationalization of the operations seeks to achieve over EUR 1 million in yearly savings as from the second quarter of the current financial year .,2,positive,1,1,1,0,0,0,True,achieve,rationalization,,
21 December 2010 - Finnish industrial machinery company Wartsila Oyj Abp HEL : WRT1V said yesterday it had won an order to design a liquefied natural gas LNG powered platform supply vessel PSV for Norwegian oil service provider Eidesvik Offshore ASA OSL : EIOF .,2,positive,1,0,0,0,0,0,False,,,,
The dividend will come on top of the 0.45 eur on A shares and 0.43 on K shares it has already paid on last year 's accounts .,1,neutral,1,0,0,0,0,0,False,,,,
"Vanhanen said the strike would be `` extremely damaging '' as some 1,300 participants and reporters begin to arrive in Finland for the one-day EU summit with Russian President Vladimir Putin in Lahti , about 100 kilometers ( 60 miles ) north of Helsinki .",0,negative,0,0,1,0,0,-1,True,,damaging,,
"Many of the commercial vessels had got stuck in the narrow Bay of Bothnia , where the ice is thicker , and around the Aaland islands .",0,negative,1,0,0,0,0,0,False,,,,
"Operating profit surged to EUR21m from EUR106 ,000 .",2,positive,1,0,0,0,0,0,False,,,,
"Operating profit , excluding non-recurring items , totalled EUR 2.2 mn , down from EUR 2.7 mn in the corresponding period in 2008 .",0,negative,1,0,0,0,0,0,False,,,,
The server is responsible for managing devices and user accounts and a desktop client application enables remote access to the mobile phones .,1,neutral,2,1,0,0,0,1,True,enables,,,
"By the end of 2006 , the number of joint branch offices will total 170 .",1,neutral,1,0,0,0,0,0,False,,,,
The profit after taxes was EUR 57.7 11.1 million .,1,neutral,1,0,0,0,0,0,False,,,,
"`` We continued actively to focus R&D and to position our offering away from point solutions towards dynamic end-to-end solutions , '' Ervio stated .",2,positive,1,0,0,0,0,0,False,,,,
Lieksaare Oy has earlier been regarded under the control of Saarelainen Oy and the individual shareholders under the shareholder agreement .,1,neutral,1,0,0,0,0,0,False,,,,
"Following the issue , the number of shares in the Swedish company will grow by 9 % .",1,neutral,1,0,0,0,0,0,False,,,,
Cash flow from operations in January-December 2008 was a negative EUR 18.1 mn compared to EUR 39.0 mn in the corresponding period in 2007 .,0,negative,0,0,1,0,0,-1,True,,negative,,
"`` We have analyzed Kaupthing Bank Sweden and found a business which fits well into Alandsbanken , '' said Alandsbanken 's chief executive Peter Wiklof in a statement .",2,positive,1,0,0,0,0,0,False,,,,
Honkarakenne Oyj - a world-leading manufacturer of genuine wooden homes - will be sponsoring Finnish crosscountry skier Virpi Kuitunen for the next three years .,1,neutral,2,1,0,0,0,1,True,leading,,,
"Cablevision Systems Corp. CVC Their Madison Square Garden division owns and operates the New York Knickerbockers basketball team ; they also own the Madison Square Garden Arena , the New York Rangers hockey team , the New York Liberty women 's basketball team , and the Hartford Wolf Pack hockey team .",1,neutral,1,0,0,0,0,0,False,,,,
Incap Contract Manufacturing Services Private Limited has inked agreements with six new customers in India .,2,positive,1,0,0,0,0,0,False,,,,
The value of the order is USD 2.3 mn .,1,neutral,1,0,0,0,0,0,False,,,,
"The company 's transportation business is conducted through Florida Rock & Tank Lines , which is a Southeastern transportation company concentrating in the hauling by motor carrier of liquid and dry bulk commodities .",1,neutral,1,0,0,0,0,0,False,,,,
"Cramo 's manager Jarmo Laasanen said hiring of equipment and machinery in Lithuania differs from the other Baltic countries in that in Lithuania still many public structures such as roads , bridges , airports and shops are being built .",1,neutral,1,0,0,1,0,0,False,,,differs,
"The firm is headquartered in Vantaa , southern Finland and has 16 employees .",1,neutral,1,0,0,0,0,0,False,,,,
"The company is in the process of building a new fleet and has placed orders for 10 P-Max tankers of 65,200 dwt .",2,positive,1,0,0,0,0,0,False,,,,
"An  of the invention , released by the Patent Office , said : `` The chambers are pressurized .",1,neutral,2,1,0,0,0,1,True,invention,,,
Aldata said that there are still a number of operational aspects to be defined between it and Microsoft and further details of the product and market initiatives resulting from this agreement will be available at a later date .,1,neutral,1,0,0,0,0,0,False,,,,
The fixed acquisition price amounts to NOK 70 ( approximately EUR 8.7 ) million and additional price NOK 15 ( EUR 1.8 ) million at maximum .,1,neutral,1,0,0,1,0,0,False,,,approximately,
"Key shareholders of Finnish IT services provider TietoEnator Oyj on Friday rejected a hostile EUR1 .08 billion $ 1.67 billion offer from buyout shop Nordic Capital , giving new life to a possible counter offer from Blackstone Group LP and Norwegian telecom Telenor ASA .",2,positive,0,0,2,1,0,-2,True,,rejected; hostile,possible,
"From 2003 on , the emphasis of Kyro 's strategy has been on Glaston 's growth .",1,neutral,1,0,0,0,0,0,False,,,,
"Altogether CapMan employs approximately 150 people in Helsinki , Stockholm , Copenhagen , Oslo , Moscow and Luxembourg .",1,neutral,1,0,0,1,0,0,False,,,approximately,
The business to be divested generates consolidated net sales of EUR 60 million annually and currently has some 640 employees .,1,neutral,0,0,1,0,0,-1,True,,divested,,
"Seppala 's revenue increased by 0.2 % to EUR10 .1 m. In Finland , revenue went down by 2.4 % to EUR6 .8 m , while sales abroad rose by 6.2 % to EUR3 .3 m. Sales increased in all the Baltic countries as well as in Russia and Ukraine .",2,positive,1,0,0,0,0,0,False,,,,
The company will propose a dividend of EUR0 .12 per share for 2008 .,1,neutral,1,0,0,0,0,0,False,,,,
The size of a cider bottle will remain unchanged .,1,neutral,1,0,0,0,0,0,False,,,,
"However , the company saw its net profit for the third quarter down to EUR 1.4 million from EUR 1.5 million for the corresponding period of 2009 .",0,negative,1,0,0,0,0,0,False,,,,
"Following the issue , the new shares will constitute 10 percent of the firm 's capital .",1,neutral,1,0,0,0,0,0,False,,,,
Registration is required .,1,neutral,1,0,0,0,1,0,False,,,,required
Operating profit fell to EUR 6.2 mn from EUR 8.5 mn in the third quarter of 2007 .,0,negative,1,0,0,0,0,0,False,,,,
"SCOPI Chief Business Excellence Officer , Eng .",1,neutral,2,1,0,0,0,1,True,excellence,,,
Elcoteq SE is listed on the Nasdaq OMX Helsinki Ltd. .,1,neutral,1,0,0,0,0,0,False,,,,
"These financing arrangements will enable the company to ensure , in line with its treasury policy , that it has sufficient financial instruments at its disposal for its potential capital requirements .",2,positive,2,1,0,0,1,1,True,enable,,,requirements
The ISO certification demonstrates that we are moving forward in our quality commitments to our customers . ',2,positive,1,0,0,0,1,0,False,,,,commitments
"Currently , the company foresees its pre-tax profit to remain below the 2009 level when it reached EUR 700,000 USD 934,000 , compared with previous projections of a slightly better pre-tax profit .",0,negative,2,1,0,0,0,1,True,better,,,
Karppinen expects the consolidation trend to continue in the Finnish market .,1,neutral,1,0,0,0,0,0,False,,,,
Net sales decreased to EUR 220.5 mn from EUR 470.0 mn in the corresponding period in 2009 .,0,negative,1,0,0,0,0,0,False,,,,
Operating loss increased to EUR 17mn from a loss of EUR 10.8 mn in 2005 .,0,negative,0,0,2,0,0,-2,True,,loss; loss,,
